backend,library,paradigm,n_neurons,mode,rep,is_warmup,status,import_s,build_s,prepare_s,simulate_s,collect_s,total_s,build_cpu_s,prepare_cpu_s,simulate_cpu_s,cpu_s,inner_run_s,rss_after_import_mb,peak_rss_mb,n_spikes,mean_rate_hz,n_synapses,host_fingerprint,kernel,started_at,error
snntorch,"snnTorch (PyTorch, CPU)",deep-learning,500,matched,-1,True,ok,1.111154171999999,0.1593203609999989,0.0021250029999748676,3.2270547379999925,0.015228371999995716,3.403728473999962,0.15821246700000002,0.002128864000000119,3.2088174470000004,3.3691587780000005,,490.67578125,543.1171875,8347,16.694,50000,Intel(R) Xeon(R) Processor @ 2.10GHz | family 6 model 207 stepping 2 | 4 cpu | 16 GB,6.18.44-fc-v64,2026-10-03T00:04:50+0000,
spikingjelly,"SpikingJelly (PyTorch, CPU)",deep-learning,500,matched,-1,True,ok,1.306421223000001,0.16622280199999295,0.04237975699999197,0.5482152450000228,0.02288468000000421,0.779702484000012,0.1657776099999999,0.042345277999999986,0.5418657170000001,0.749988605,,495.54296875,618.4453125,8347,16.694,50000,Intel(R) Xeon(R) Processor @ 2.10GHz | family 6 model 207 stepping 2 | 4 cpu | 16 GB,6.18.44-fc-v64,2026-10-03T00:04:55+0000,
nengo,Nengo (reference simulator),neural-engineering,500,matched,-1,True,ok,0.13092840000001615,0.16465673000001857,0.012489141000003201,2.785421506000006,0.0878736680000145,3.050441045000042,0.164398089,0.011692256999999984,2.761848665,2.937939011,,49.9765625,212.828125,8347,16.694,50000,Intel(R) Xeon(R) Processor @ 2.10GHz | family 6 model 207 stepping 2 | 4 cpu | 16 GB,6.18.44-fc-v64,2026-10-03T00:04:57+0000,
numpy_ref,NumPy (hand-written reference),reference,500,matched,-1,True,ok,4.415999995899256e-06,0.010058211999989908,1.1250000113705028e-06,0.0782532759999981,2.6099999956841202e-06,0.08831522299999506,0.010058445,1.209000000002014e-06,0.078184281,0.088243935,,28.14453125,77.734375,8347,16.694,50000,Intel(R) Xeon(R) Processor @ 2.10GHz | family 6 model 207 stepping 2 | 4 cpu | 16 GB,6.18.44-fc-v64,2026-10-03T00:05:00+0000,
brian2_cpp,Brian2 (C++ standalone),neuroscience,500,matched,-1,True,ok,0.717022471000007,0.14503251799999362,3.033517580000023,0.017332772999992585,0.00026944000001094537,3.19615231100002,0.144574337,0.06572148899999997,0.001335365999999949,0.2116311919999999,0.008986,125.9765625,132.10546875,8347,16.694,50000,Intel(R) Xeon(R) Processor @ 2.10GHz | family 6 model 207 stepping 2 | 4 cpu | 16 GB,6.18.44-fc-v64,2026-10-03T00:05:01+0000,
nest,NEST,neuroscience,500,matched,-1,True,ok,0.3052659399999982,0.09598187999998231,0.000724642999983871,0.1698177160000114,0.0011826999999868804,0.26770693899996445,0.09594483400000003,0.0007268750000000157,0.16955696400000003,0.2662286730000001,,114.32421875,168.97265625,8347,16.694,50000,Intel(R) Xeon(R) Processor @ 2.10GHz | family 6 model 207 stepping 2 | 4 cpu | 16 GB,6.18.44-fc-v64,2026-10-03T00:05:05+0000,
brian2_cython,"Brian2 (runtime, Cython)",neuroscience,500,matched,-1,True,ok,0.8201682749999861,7.25915522599999,20.046103843999987,0.3396741949999864,0.0002055179999729262,27.645138782999936,1.352551979,3.519678538,0.33489218699999945,5.207122704,,125.890625,347.0859375,8347,16.694,50000,Intel(R) Xeon(R) Processor @ 2.10GHz | family 6 model 207 stepping 2 | 4 cpu | 16 GB,6.18.44-fc-v64,2026-10-03T00:05:06+0000,
brian2_cpp,Brian2 (C++ standalone),neuroscience,500,matched,0,False,ok,0.786640943000009,0.15327179999997043,0.17410536899996032,0.01916905999996743,0.00018516400001544753,0.3467313929999136,0.15235356300000014,0.06714240799999982,0.001000491999999964,0.22049646299999992,0.007314,126.0,132.0625,8347,16.694,50000,Intel(R) Xeon(R) Processor @ 2.10GHz | family 6 model 207 stepping 2 | 4 cpu | 16 GB,6.18.44-fc-v64,2026-10-03T00:05:35+0000,
spikingjelly,"SpikingJelly (PyTorch, CPU)",deep-learning,500,matched,0,False,ok,1.2777785600000016,0.2759594049999805,0.026323509000008016,0.4215961729999549,0.026467738000008012,0.7503468249999514,0.27589248499999997,0.02628959799999997,0.4213701809999999,0.7235522639999998,,495.640625,615.4296875,8347,16.694,50000,Intel(R) Xeon(R) Processor @ 2.10GHz | family 6 model 207 stepping 2 | 4 cpu | 16 GB,6.18.44-fc-v64,2026-10-03T00:05:36+0000,
snntorch,"snnTorch (PyTorch, CPU)",deep-learning,500,matched,0,False,ok,1.1891373669999439,0.017311248999988038,0.0014431509999894843,3.4245347109999784,0.015351236000014978,3.458640346999971,0.017125692000000026,0.0014453940000000998,3.3731288500000005,3.3916999360000006,,490.78125,543.08984375,8347,16.694,50000,Intel(R) Xeon(R) Processor @ 2.10GHz | family 6 model 207 stepping 2 | 4 cpu | 16 GB,6.18.44-fc-v64,2026-10-03T00:05:39+0000,
nest,NEST,neuroscience,500,matched,0,False,ok,0.3861076200000184,0.08865351499997587,0.0005611500000100023,0.14821933399997533,0.0011159079999742971,0.2385499069999355,0.08861995,0.0005617070000000224,0.14717809599999998,0.236359753,,114.22265625,168.87109375,8347,16.694,50000,Intel(R) Xeon(R) Processor @ 2.10GHz | family 6 model 207 stepping 2 | 4 cpu | 16 GB,6.18.44-fc-v64,2026-10-03T00:05:44+0000,
numpy_ref,NumPy (hand-written reference),reference,500,matched,0,False,ok,4.172999979346059e-06,0.01019540199996527,1.5339999777097546e-06,0.07892271800000117,2.2830000148132967e-06,0.08912193699995896,0.01014095100000001,1.6399999999971993e-06,0.07882346200000001,0.08896605300000002,,28.2421875,77.734375,8347,16.694,50000,Intel(R) Xeon(R) Processor @ 2.10GHz | family 6 model 207 stepping 2 | 4 cpu | 16 GB,6.18.44-fc-v64,2026-10-03T00:05:45+0000,
nengo,Nengo (reference simulator),neural-engineering,500,matched,0,False,ok,0.12611617800001795,0.1487553119999916,0.011118203000023641,2.6238548089999654,0.15160119900002655,2.935329523000007,0.146647259,0.010288602000000036,2.607911463,2.764847324,,49.87890625,213.40625,8347,16.694,50000,Intel(R) Xeon(R) Processor @ 2.10GHz | family 6 model 207 stepping 2 | 4 cpu | 16 GB,6.18.44-fc-v64,2026-10-03T00:05:45+0000,
brian2_cython,"Brian2 (runtime, Cython)",neuroscience,500,matched,0,False,ok,0.7269444730000032,0.1572516680000149,0.12253691399996569,0.18635776700000406,0.0001118330000053902,0.46625818199999003,0.05384844600000005,0.11998137799999997,0.18543901499999993,0.35926883899999995,,126.2421875,131.73828125,8347,16.694,50000,Intel(R) Xeon(R) Processor @ 2.10GHz | family 6 model 207 stepping 2 | 4 cpu | 16 GB,6.18.44-fc-v64,2026-10-03T00:05:48+0000,
brian2_cython,"Brian2 (runtime, Cython)",neuroscience,500,matched,1,False,ok,0.7749910210000053,0.15258290900004567,0.11250902899996618,0.19218941200000472,0.00012192399998411929,0.4574032740000007,0.05358272499999994,0.11055223400000003,0.18431225500000004,0.348447214,,126.10546875,131.6484375,8347,16.694,50000,Intel(R) Xeon(R) Processor @ 2.10GHz | family 6 model 207 stepping 2 | 4 cpu | 16 GB,6.18.44-fc-v64,2026-10-03T00:05:50+0000,
snntorch,"snnTorch (PyTorch, CPU)",deep-learning,500,matched,1,False,ok,0.9950129119999929,0.014912301999970623,0.00128122300003497,2.5566983830000254,0.014681957999982842,2.587573866000014,0.014912868999999995,0.0012836019999999948,2.54908499,2.5652814609999997,,490.66796875,542.984375,8347,16.694,50000,Intel(R) Xeon(R) Processor @ 2.10GHz | family 6 model 207 stepping 2 | 4 cpu | 16 GB,6.18.44-fc-v64,2026-10-03T00:05:51+0000,
nengo,Nengo (reference simulator),neural-engineering,500,matched,1,False,ok,0.1083271580000087,0.18027086499995448,0.011155368999993698,2.9282189909999943,0.11198140599998396,3.2316266309999264,0.17425703500000003,0.010325299999999982,2.890761748,3.075344083,,49.96875,212.91015625,8347,16.694,50000,Intel(R) Xeon(R) Processor @ 2.10GHz | family 6 model 207 stepping 2 | 4 cpu | 16 GB,6.18.44-fc-v64,2026-10-03T00:05:55+0000,
nest,NEST,neuroscience,500,matched,1,False,ok,0.3106058850000295,0.0923154919999547,0.0006843720000233589,0.14885273799995957,0.0009754020000514174,0.24282800399998905,0.09091401100000002,0.0006865079999999746,0.14260281800000002,0.234203337,,114.140625,168.6640625,8347,16.694,50000,Intel(R) Xeon(R) Processor @ 2.10GHz | family 6 model 207 stepping 2 | 4 cpu | 16 GB,6.18.44-fc-v64,2026-10-03T00:05:59+0000,
numpy_ref,NumPy (hand-written reference),reference,500,matched,1,False,ok,4.3839999648298544e-06,0.010188001000017266,1.544999975067185e-06,0.08171882900001037,2.5390000359948317e-06,0.0919109140000387,0.01018927,1.5959999999926033e-06,0.08152765,0.09171851599999999,,28.12890625,77.734375,8347,16.694,50000,Intel(R) Xeon(R) Processor @ 2.10GHz | family 6 model 207 stepping 2 | 4 cpu | 16 GB,6.18.44-fc-v64,2026-10-03T00:06:00+0000,
spikingjelly,"SpikingJelly (PyTorch, CPU)",deep-learning,500,matched,1,False,ok,1.17894228199998,0.2139350660000332,0.03278348199995662,0.5182739400000287,0.026675873999977284,0.7916683619999958,0.21001922299999998,0.032734073000000086,0.5134030679999999,0.756156364,,495.5234375,615.8984375,8347,16.694,50000,Intel(R) Xeon(R) Processor @ 2.10GHz | family 6 model 207 stepping 2 | 4 cpu | 16 GB,6.18.44-fc-v64,2026-10-03T00:06:00+0000,
brian2_cpp,Brian2 (C++ standalone),neuroscience,500,matched,1,False,ok,0.8175231019999956,0.1357125920000044,0.16929910700002893,0.02690997000001971,0.00025593399999479516,0.33217760300004784,0.12806508199999989,0.053520486999999894,0.0008538670000000081,0.1824394359999998,0.010129,126.0546875,132.109375,8347,16.694,50000,Intel(R) Xeon(R) Processor @ 2.10GHz | family 6 model 207 stepping 2 | 4 cpu | 16 GB,6.18.44-fc-v64,2026-10-03T00:06:02+0000,
brian2_cpp,Brian2 (C++ standalone),neuroscience,500,matched,2,False,ok,0.7623440419999952,0.13132388200000378,0.1667327920000048,0.021164917000021433,0.0001977020000367702,0.3194192930000668,0.13083995999999998,0.05456354000000008,0.0009110779999998986,0.18631457799999995,0.009204,126.20703125,132.49609375,8347,16.694,50000,Intel(R) Xeon(R) Processor @ 2.10GHz | family 6 model 207 stepping 2 | 4 cpu | 16 GB,6.18.44-fc-v64,2026-10-03T00:06:04+0000,
snntorch,"snnTorch (PyTorch, CPU)",deep-learning,500,matched,2,False,ok,1.196799827999996,0.017435229000000163,0.00172115399999484,3.1613563350000504,0.015105122999955256,3.1956178410000007,0.01741182100000005,0.0017245830000001128,3.135555052,3.154691456,,490.62890625,542.98046875,8347,16.694,50000,Intel(R) Xeon(R) Processor @ 2.10GHz | family 6 model 207 stepping 2 | 4 cpu | 16 GB,6.18.44-fc-v64,2026-10-03T00:06:05+0000,
brian2_cython,"Brian2 (runtime, Cython)",neuroscience,500,matched,2,False,ok,0.6736704630000077,0.15835312199999407,0.1129346289999944,0.150155739000013,9.9099000010483e-05,0.42154258900001196,0.05260356899999996,0.10657378799999995,0.14897803999999992,0.30815539699999983,,126.171875,131.84375,8347,16.694,50000,Intel(R) Xeon(R) Processor @ 2.10GHz | family 6 model 207 stepping 2 | 4 cpu | 16 GB,6.18.44-fc-v64,2026-10-03T00:06:10+0000,
nest,NEST,neuroscience,500,matched,2,False,ok,0.27645969999997533,0.08246617300000025,0.0006126890000359708,0.14120063500001834,0.0011144719999833796,0.22539396900003794,0.08236012100000001,0.0006144410000000211,0.13470732400000002,0.21768188600000005,,114.3125,168.8359375,8347,16.694,50000,Intel(R) Xeon(R) Processor @ 2.10GHz | family 6 model 207 stepping 2 | 4 cpu | 16 GB,6.18.44-fc-v64,2026-10-03T00:06:11+0000,
spikingjelly,"SpikingJelly (PyTorch, CPU)",deep-learning,500,matched,2,False,ok,1.2632655229999727,0.16668859100002464,0.03505377099997986,0.5354168199999663,0.027403474999971422,0.7645626569999422,0.1626336719999999,0.034848887000000106,0.5336522929999998,0.7311348519999998,,495.578125,614.60546875,8347,16.694,50000,Intel(R) Xeon(R) Processor @ 2.10GHz | family 6 model 207 stepping 2 | 4 cpu | 16 GB,6.18.44-fc-v64,2026-10-03T00:06:12+0000,
nengo,Nengo (reference simulator),neural-engineering,500,matched,2,False,ok,0.10788976300000286,0.12398683599997185,0.00984512600001608,2.5739588389999994,0.03373286400000097,2.7415236649999883,0.12326567000000002,0.009118872,2.5306807570000003,2.6630652990000003,,49.90234375,213.609375,8347,16.694,50000,Intel(R) Xeon(R) Processor @ 2.10GHz | family 6 model 207 stepping 2 | 4 cpu | 16 GB,6.18.44-fc-v64,2026-10-03T00:06:14+0000,
numpy_ref,NumPy (hand-written reference),reference,500,matched,2,False,ok,4.219000004468398e-06,0.010076840000010634,1.2539999829641602e-06,0.07769920900000216,2.5479999976596446e-06,0.08777985099999341,0.008208572999999997,1.280999999991872e-06,0.07755394600000001,0.0857638,,28.2109375,77.734375,8347,16.694,50000,Intel(R) Xeon(R) Processor @ 2.10GHz | family 6 model 207 stepping 2 | 4 cpu | 16 GB,6.18.44-fc-v64,2026-10-03T00:06:17+0000,
nest,NEST,neuroscience,500,matched,3,False,ok,0.3228065430000129,0.0858345780000036,0.0006997539999815672,0.14463053299999729,0.0011497889999532163,0.23231465399993567,0.08568671899999997,0.0007015470000000246,0.14420647399999997,0.23059473999999996,,114.41015625,168.93359375,8347,16.694,50000,Intel(R) Xeon(R) Processor @ 2.10GHz | family 6 model 207 stepping 2 | 4 cpu | 16 GB,6.18.44-fc-v64,2026-10-03T00:06:18+0000,
brian2_cython,"Brian2 (runtime, Cython)",neuroscience,500,matched,3,False,ok,0.7257614790000275,0.15756581300001926,0.11658391399998891,0.18262091000002556,0.00011489799999253592,0.45688553500002627,0.04798110200000005,0.11139739800000004,0.17994270299999993,0.339321203,,126.17578125,131.73828125,8347,16.694,50000,Intel(R) Xeon(R) Processor @ 2.10GHz | family 6 model 207 stepping 2 | 4 cpu | 16 GB,6.18.44-fc-v64,2026-10-03T00:06:18+0000,
snntorch,"snnTorch (PyTorch, CPU)",deep-learning,500,matched,3,False,ok,1.097946253000032,0.09953866400002198,0.0016491549999955168,3.009154100000046,0.012240889999986848,3.1225828090000505,0.09932690099999997,0.0016513160000000138,2.9845086270000003,3.085486844,,490.62109375,543.0625,8347,16.694,50000,Intel(R) Xeon(R) Processor @ 2.10GHz | family 6 model 207 stepping 2 | 4 cpu | 16 GB,6.18.44-fc-v64,2026-10-03T00:06:20+0000,
numpy_ref,NumPy (hand-written reference),reference,500,matched,3,False,ok,4.636000028312992e-06,0.010235356999999112,1.4409999948838959e-06,0.0775615700000003,1.7120000279646774e-06,0.08780008000002226,0.010235335999999998,1.4470000000016414e-06,0.077450634,0.087687417,,28.1796875,77.734375,8347,16.694,50000,Intel(R) Xeon(R) Processor @ 2.10GHz | family 6 model 207 stepping 2 | 4 cpu | 16 GB,6.18.44-fc-v64,2026-10-03T00:06:24+0000,
brian2_cpp,Brian2 (C++ standalone),neuroscience,500,matched,3,False,ok,0.7826143080000065,0.11796960600003104,0.17800374199998714,0.021945721999998113,0.00020922699997072414,0.318128296999987,0.11790449599999997,0.06502704999999998,0.0008784639999999122,0.18381000999999986,0.008965,125.94140625,132.2421875,8347,16.694,50000,Intel(R) Xeon(R) Processor @ 2.10GHz | family 6 model 207 stepping 2 | 4 cpu | 16 GB,6.18.44-fc-v64,2026-10-03T00:06:25+0000,
spikingjelly,"SpikingJelly (PyTorch, CPU)",deep-learning,500,matched,3,False,ok,1.0664415939999685,0.13658738600003062,0.03080763399998432,0.5852308640000388,0.026627187000030972,0.7792530710000847,0.13640513199999993,0.030810942000000008,0.5844092109999999,0.7516252849999998,,495.546875,615.453125,8347,16.694,50000,Intel(R) Xeon(R) Processor @ 2.10GHz | family 6 model 207 stepping 2 | 4 cpu | 16 GB,6.18.44-fc-v64,2026-10-03T00:06:26+0000,
nengo,Nengo (reference simulator),neural-engineering,500,matched,3,False,ok,0.1278939999999693,0.09623214800001278,0.011270836999983658,2.6051664519999918,0.15252384699999766,2.865193283999986,0.09457097199999998,0.010151713000000007,2.589094742,2.693817427,,49.88671875,212.65234375,8347,16.694,50000,Intel(R) Xeon(R) Processor @ 2.10GHz | family 6 model 207 stepping 2 | 4 cpu | 16 GB,6.18.44-fc-v64,2026-10-03T00:06:28+0000,
snntorch,"snnTorch (PyTorch, CPU)",deep-learning,500,matched,4,False,ok,1.1839194629999952,0.014825289999976121,0.001252142999987882,3.1331451120000224,0.016188714000008986,3.1654112589999954,0.014799702999999997,0.0012550430000000112,3.0763618299999997,3.0924165759999998,,490.68359375,542.99609375,8347,16.694,50000,Intel(R) Xeon(R) Processor @ 2.10GHz | family 6 model 207 stepping 2 | 4 cpu | 16 GB,6.18.44-fc-v64,2026-10-03T00:06:32+0000,
spikingjelly,"SpikingJelly (PyTorch, CPU)",deep-learning,500,matched,4,False,ok,1.1719573839999953,0.16222346600000037,0.05120266199998014,0.531203043000005,0.026911949000009372,0.7715411199999949,0.16129772500000006,0.04992841300000017,0.530997283,0.7422234210000003,,495.54296875,615.16796875,8347,16.694,50000,Intel(R) Xeon(R) Processor @ 2.10GHz | family 6 model 207 stepping 2 | 4 cpu | 16 GB,6.18.44-fc-v64,2026-10-03T00:06:36+0000,
numpy_ref,NumPy (hand-written reference),reference,500,matched,4,False,ok,1.2649999973746162e-05,0.010350988999960009,1.1349999908816244e-06,0.08275398500001074,2.1370000240494846e-06,0.09310824599998568,0.010269232000000003,1.3430000000008713e-06,0.08153324499999999,0.09180382,,28.16015625,77.734375,8347,16.694,50000,Intel(R) Xeon(R) Processor @ 2.10GHz | family 6 model 207 stepping 2 | 4 cpu | 16 GB,6.18.44-fc-v64,2026-10-03T00:06:39+0000,
brian2_cpp,Brian2 (C++ standalone),neuroscience,500,matched,4,False,ok,0.7953767650000145,0.12188298400002395,0.17295599599998468,0.03696275500004731,0.0009934139999927538,0.3327951490000487,0.12051405600000009,0.06922966999999991,0.0010808479999999676,0.19082457399999997,0.010881,126.11328125,132.3671875,8347,16.694,50000,Intel(R) Xeon(R) Processor @ 2.10GHz | family 6 model 207 stepping 2 | 4 cpu | 16 GB,6.18.44-fc-v64,2026-10-03T00:06:39+0000,
brian2_cython,"Brian2 (runtime, Cython)",neuroscience,500,matched,4,False,ok,0.8739584019999711,0.15146725300002117,0.11086714800001118,0.17095310199999858,0.00011738199998490018,0.43340488500001584,0.05391599199999997,0.1107658199999999,0.17092038799999987,0.33560219999999974,,126.1171875,131.4296875,8347,16.694,50000,Intel(R) Xeon(R) Processor @ 2.10GHz | family 6 model 207 stepping 2 | 4 cpu | 16 GB,6.18.44-fc-v64,2026-10-03T00:06:40+0000,
nest,NEST,neuroscience,500,matched,4,False,ok,0.30666261400000394,0.06987839800001439,0.000537635999990016,0.1134558039999547,0.0009092529999747967,0.1847810909999339,0.06984179200000001,0.0005392149999999818,0.11324531099999996,0.18362631799999996,,114.11328125,168.6171875,8347,16.694,50000,Intel(R) Xeon(R) Processor @ 2.10GHz | family 6 model 207 stepping 2 | 4 cpu | 16 GB,6.18.44-fc-v64,2026-10-03T00:06:42+0000,
nengo,Nengo (reference simulator),neural-engineering,500,matched,4,False,ok,0.1396215259999849,0.29068005699997457,0.011648630999957277,2.6761141329999987,0.04549681299999975,3.0239396339999303,0.28985578300000003,0.010902869000000037,2.6575345489999997,2.958293201,,49.94140625,212.76953125,8347,16.694,50000,Intel(R) Xeon(R) Processor @ 2.10GHz | family 6 model 207 stepping 2 | 4 cpu | 16 GB,6.18.44-fc-v64,2026-10-03T00:06:43+0000,
numpy_ref,NumPy (hand-written reference),reference,500,native,0,False,ok,4.190999959519104e-06,0.008325816000024133,1.1180000001331791e-06,0.06786287900001753,1.656000051752926e-06,0.07619146900009355,0.008326713999999999,1.2490000000087154e-06,0.067867936,0.07619589900000001,,28.1484375,77.734375,8347,16.694,50000,Intel(R) Xeon(R) Processor @ 2.10GHz | family 6 model 207 stepping 2 | 4 cpu | 16 GB,6.18.44-fc-v64,2026-10-03T00:06:46+0000,
nest,NEST,neuroscience,500,native,0,False,ok,0.30479708500001834,0.08929770500003542,0.0005417220000367706,0.1449935910000022,0.0012407400000142843,0.23607375800008867,0.08794373099999997,0.0005428379999999899,0.144159641,0.23264620999999996,,114.22265625,168.87109375,8347,16.694,50000,Intel(R) Xeon(R) Processor @ 2.10GHz | family 6 model 207 stepping 2 | 4 cpu | 16 GB,6.18.44-fc-v64,2026-10-03T00:06:46+0000,
brian2_cython,"Brian2 (runtime, Cython)",neuroscience,500,native,0,False,ok,0.7343349480000256,0.15231582100000196,2.2118641700000126,0.23454300800000283,0.00012239000000136002,2.5988453890000187,0.04859443600000002,0.889133182,0.22523210000000016,1.1629597180000002,,126.01953125,306.203125,8147,16.294,50000,Intel(R) Xeon(R) Processor @ 2.10GHz | family 6 model 207 stepping 2 | 4 cpu | 16 GB,6.18.44-fc-v64,2026-10-03T00:06:47+0000,
brian2_cpp,Brian2 (C++ standalone),neuroscience,500,native,0,False,ok,0.7702103479999778,0.15175175699999954,2.946779751000008,0.016113270000005286,0.00020145299998830524,3.1148462310000014,0.147472029,0.06641659599999994,0.0011093600000000592,0.214997985,0.0089,126.140625,132.3125,8147,16.294,50000,Intel(R) Xeon(R) Processor @ 2.10GHz | family 6 model 207 stepping 2 | 4 cpu | 16 GB,6.18.44-fc-v64,2026-10-03T00:06:51+0000,
nengo,Nengo (reference simulator),neural-engineering,500,native,0,False,ok,0.13411471299997402,0.021655153999972754,0.010890964000054737,2.9154718460000026,0.06582910099996298,3.013847064999993,0.02165592899999999,0.010268302000000007,2.86170626,2.893630491,,50.0390625,213.93359375,8529,17.058,50000,Intel(R) Xeon(R) Processor @ 2.10GHz | family 6 model 207 stepping 2 | 4 cpu | 16 GB,6.18.44-fc-v64,2026-10-03T00:06:55+0000,
snntorch,"snnTorch (PyTorch, CPU)",deep-learning,500,native,0,False,ok,1.1190791070000046,0.014349525000000085,0.0013502420000008897,3.0310432659999833,0.011903673000006165,3.0586467059999904,0.01435151400000012,0.0013512700000000155,2.9882223040000007,3.003925088000001,,490.70703125,543.05859375,8347,16.694,50000,Intel(R) Xeon(R) Processor @ 2.10GHz | family 6 model 207 stepping 2 | 4 cpu | 16 GB,6.18.44-fc-v64,2026-10-03T00:06:58+0000,
spikingjelly,"SpikingJelly (PyTorch, CPU)",deep-learning,500,native,0,False,ok,1.216580380000039,0.014339629000005516,0.024203202000023794,0.5204136889999518,0.027570953000008558,0.5865274729999896,0.014340746000000015,0.02420542400000003,0.5149282739999999,0.5534744439999999,,495.578125,616.37109375,8283,16.566,50000,Intel(R) Xeon(R) Processor @ 2.10GHz | family 6 model 207 stepping 2 | 4 cpu | 16 GB,6.18.44-fc-v64,2026-10-03T00:07:03+0000,
brian2_cpp,Brian2 (C++ standalone),neuroscience,1000,matched,-1,True,ok,0.801017016000003,0.1247909880000293,2.9006077340000047,0.027993734999995468,0.0002018210000187537,3.0535942780000482,0.12396301300000001,0.06623339000000006,0.0010019519999999726,0.19119835500000004,0.016255,125.3984375,134.890625,16670,16.67,100000,Intel(R) Xeon(R) Processor @ 2.10GHz | family 6 model 207 stepping 2 | 4 cpu | 16 GB,6.18.44-fc-v64,2026-10-03T00:07:05+0000,
snntorch,"snnTorch (PyTorch, CPU)",deep-learning,1000,matched,-1,True,ok,1.171060462000014,0.028336913000032382,0.001920313000027818,4.4541927760000135,0.030626769000036802,4.5150767710001105,0.02809566600000002,0.0019226340000000341,4.42981643,4.45983473,,489.9296875,548.5390625,16670,16.67,100000,Intel(R) Xeon(R) Processor @ 2.10GHz | family 6 model 207 stepping 2 | 4 cpu | 16 GB,6.18.44-fc-v64,2026-10-03T00:07:10+0000,
numpy_ref,NumPy (hand-written reference),reference,1000,matched,-1,True,ok,4.246999992574274e-06,0.01792072599999983,1.7000000411826477e-06,0.09504495400000224,2.8229999884388235e-06,0.11297020300003169,0.017921736000000008,1.8509999999971605e-06,0.09321027999999999,0.111133867,,28.2734375,77.734375,16670,16.67,100000,Intel(R) Xeon(R) Processor @ 2.10GHz | family 6 model 207 stepping 2 | 4 cpu | 16 GB,6.18.44-fc-v64,2026-10-03T00:07:16+0000,
nest,NEST,neuroscience,1000,matched,-1,True,ok,0.2708262890000128,0.12787938299999269,0.0010020560000043588,0.2465970709999965,0.0018342619999884846,0.37731277199998203,0.126734364,0.0010036200000000384,0.24638376599999995,0.37412175,,114.109375,187.640625,16670,16.67,100000,Intel(R) Xeon(R) Processor @ 2.10GHz | family 6 model 207 stepping 2 | 4 cpu | 16 GB,6.18.44-fc-v64,2026-10-03T00:07:16+0000,
spikingjelly,"SpikingJelly (PyTorch, CPU)",deep-learning,1000,matched,-1,True,ok,1.2723711909999906,0.26170030700001234,0.03852888099999063,0.5774372729999868,0.049090893000027336,0.9267573540000171,0.25185092200000003,0.038521813000000016,0.5670211400000003,0.8573938750000003,,495.015625,668.10546875,16670,16.67,100000,Intel(R) Xeon(R) Processor @ 2.10GHz | family 6 model 207 stepping 2 | 4 cpu | 16 GB,6.18.44-fc-v64,2026-10-03T00:07:17+0000,
brian2_cython,"Brian2 (runtime, Cython)",neuroscience,1000,matched,-1,True,ok,0.766268354000033,0.1519332490000238,0.10912859899997329,0.1760090390000073,0.00016368500001817665,0.4372345720000226,0.051558694000000016,0.10807170300000002,0.1732597429999999,0.33289013999999995,,125.2109375,134.484375,16670,16.67,100000,Intel(R) Xeon(R) Processor @ 2.10GHz | family 6 model 207 stepping 2 | 4 cpu | 16 GB,6.18.44-fc-v64,2026-10-03T00:07:20+0000,
nengo,Nengo (reference simulator),neural-engineering,1000,matched,-1,True,ok,0.11025358699998833,0.1606883670000343,0.032312235999995664,4.578607519000002,0.37746959100002186,5.149077713000054,0.159013811,0.03147670999999996,4.541183339,4.73167386,,50.6875,297.55859375,16670,16.67,100000,Intel(R) Xeon(R) Processor @ 2.10GHz | family 6 model 207 stepping 2 | 4 cpu | 16 GB,6.18.44-fc-v64,2026-10-03T00:07:21+0000,
nest,NEST,neuroscience,1000,matched,0,False,ok,0.36246602199997824,0.10159078399999544,0.0007973099999958322,0.22617764199998192,0.002082038999958513,0.3306477749999317,0.10061385299999998,0.0007990310000000056,0.22364946200000002,0.325062346,,114.30078125,187.8671875,16670,16.67,100000,Intel(R) Xeon(R) Processor @ 2.10GHz | family 6 model 207 stepping 2 | 4 cpu | 16 GB,6.18.44-fc-v64,2026-10-03T00:07:26+0000,
brian2_cpp,Brian2 (C++ standalone),neuroscience,1000,matched,0,False,ok,0.781003921999968,0.16613718199999994,0.18022060399999873,0.023276479999992716,0.00022030000002359884,0.369854566000015,0.16067852900000001,0.06732154600000007,0.000808498999999907,0.228808574,0.013662,125.25,134.72265625,16670,16.67,100000,Intel(R) Xeon(R) Processor @ 2.10GHz | family 6 model 207 stepping 2 | 4 cpu | 16 GB,6.18.44-fc-v64,2026-10-03T00:07:27+0000,
spikingjelly,"SpikingJelly (PyTorch, CPU)",deep-learning,1000,matched,0,False,ok,1.2870219010000028,0.08130174400002943,0.03371835299998338,0.609778762000019,0.05278951299999335,0.7775883720000252,0.08063031599999992,0.03372257099999998,0.6076529669999999,0.7220058539999998,,494.98046875,667.9453125,16670,16.67,100000,Intel(R) Xeon(R) Processor @ 2.10GHz | family 6 model 207 stepping 2 | 4 cpu | 16 GB,6.18.44-fc-v64,2026-10-03T00:07:29+0000,
snntorch,"snnTorch (PyTorch, CPU)",deep-learning,1000,matched,0,False,ok,1.0432809739999698,0.02632286200002909,0.0014951019999784876,4.683205871999974,0.03190635499998962,4.742930190999971,0.02578320100000009,0.0014974420000000155,4.612632077,4.63991272,,489.93359375,548.5390625,16670,16.67,100000,Intel(R) Xeon(R) Processor @ 2.10GHz | family 6 model 207 stepping 2 | 4 cpu | 16 GB,6.18.44-fc-v64,2026-10-03T00:07:31+0000,
nengo,Nengo (reference simulator),neural-engineering,1000,matched,0,False,ok,0.1174718919999691,0.16198017800002162,0.0332256789999974,4.818743382999969,0.3402858630000196,5.354235103000008,0.15899743499999996,0.03127277500000003,4.747203301,4.937473511,,50.75390625,296.984375,16670,16.67,100000,Intel(R) Xeon(R) Processor @ 2.10GHz | family 6 model 207 stepping 2 | 4 cpu | 16 GB,6.18.44-fc-v64,2026-10-03T00:07:38+0000,
numpy_ref,NumPy (hand-written reference),reference,1000,matched,0,False,ok,4.359000001841196e-06,0.015316552999991018,1.2709999737126054e-06,0.07426663199998984,2.2430000399253913e-06,0.0895866989999945,0.015127329000000009,1.3259999999959415e-06,0.07380740400000001,0.08893605900000001,,28.1875,77.734375,16670,16.67,100000,Intel(R) Xeon(R) Processor @ 2.10GHz | family 6 model 207 stepping 2 | 4 cpu | 16 GB,6.18.44-fc-v64,2026-10-03T00:07:43+0000,
brian2_cython,"Brian2 (runtime, Cython)",neuroscience,1000,matched,0,False,ok,0.7117262390000292,0.1629387890000089,0.10939099199998736,0.1863751380000167,0.00027688900001976435,0.45898180800003274,0.05928110899999994,0.10925201899999992,0.18623801500000003,0.3547711429999999,,125.1015625,134.375,16670,16.67,100000,Intel(R) Xeon(R) Processor @ 2.10GHz | family 6 model 207 stepping 2 | 4 cpu | 16 GB,6.18.44-fc-v64,2026-10-03T00:07:44+0000,
numpy_ref,NumPy (hand-written reference),reference,1000,matched,1,False,ok,6.617999986247014e-06,0.018266137000011895,2.2820000253886974e-06,0.08999700199996141,2.141000038591301e-06,0.10826756200003729,0.018240043999999997,2.0700000000067886e-06,0.089518376,0.10776049,,28.16796875,77.734375,16670,16.67,100000,Intel(R) Xeon(R) Processor @ 2.10GHz | family 6 model 207 stepping 2 | 4 cpu | 16 GB,6.18.44-fc-v64,2026-10-03T00:07:45+0000,
brian2_cython,"Brian2 (runtime, Cython)",neuroscience,1000,matched,1,False,ok,0.7188786370000457,0.14688718099995413,0.11140698600001997,0.19421514699996578,0.00015823600000430815,0.4526675499999442,0.05328698300000001,0.109032762,0.18890934500000012,0.35122909000000013,,125.265625,134.5234375,16670,16.67,100000,Intel(R) Xeon(R) Processor @ 2.10GHz | family 6 model 207 stepping 2 | 4 cpu | 16 GB,6.18.44-fc-v64,2026-10-03T00:07:45+0000,
snntorch,"snnTorch (PyTorch, CPU)",deep-learning,1000,matched,1,False,ok,1.1315256299999987,0.07054186099998105,0.001654771999994864,4.51382777699996,0.03030174899998883,4.616326158999925,0.07052528199999997,0.0016571019999997993,4.45405749,4.526239874,,489.97265625,548.62109375,16670,16.67,100000,Intel(R) Xeon(R) Processor @ 2.10GHz | family 6 model 207 stepping 2 | 4 cpu | 16 GB,6.18.44-fc-v64,2026-10-03T00:07:47+0000,
spikingjelly,"SpikingJelly (PyTorch, CPU)",deep-learning,1000,matched,1,False,ok,1.2561997170000154,0.16681875900002296,0.027022219999992103,0.6189828160000275,0.05009454500003585,0.8629183400000784,0.16679733000000008,0.026961829999999853,0.6067281880000002,0.8004873480000001,,495.01171875,667.98828125,16670,16.67,100000,Intel(R) Xeon(R) Processor @ 2.10GHz | family 6 model 207 stepping 2 | 4 cpu | 16 GB,6.18.44-fc-v64,2026-10-03T00:07:53+0000,
brian2_cpp,Brian2 (C++ standalone),neuroscience,1000,matched,1,False,ok,0.820134802000041,0.16644202500003757,0.18352943399997912,0.04124236999996356,0.0003940899999861358,0.3916079189999664,0.1628153579999999,0.06369874999999992,0.0008889780000000957,0.22740308599999992,0.017357,125.30859375,134.95703125,16670,16.67,100000,Intel(R) Xeon(R) Processor @ 2.10GHz | family 6 model 207 stepping 2 | 4 cpu | 16 GB,6.18.44-fc-v64,2026-10-03T00:07:56+0000,
nest,NEST,neuroscience,1000,matched,1,False,ok,0.3122137080000016,0.10432864800003472,0.0009766619999709292,0.20569421099997953,0.0015642049999655683,0.31256372599995075,0.100945485,0.0009219710000000214,0.193550813,0.295418269,,114.046875,187.60546875,16670,16.67,100000,Intel(R) Xeon(R) Processor @ 2.10GHz | family 6 model 207 stepping 2 | 4 cpu | 16 GB,6.18.44-fc-v64,2026-10-03T00:07:57+0000,
nengo,Nengo (reference simulator),neural-engineering,1000,matched,1,False,ok,0.13001576900001055,0.33740184100003034,0.04288851399996929,4.59254080300002,0.31922465399998146,5.292055812000001,0.33553175600000007,0.035368135999999994,4.54457473,4.915474622,,50.86328125,297.6953125,16670,16.67,100000,Intel(R) Xeon(R) Processor @ 2.10GHz | family 6 model 207 stepping 2 | 4 cpu | 16 GB,6.18.44-fc-v64,2026-10-03T00:07:58+0000,
nest,NEST,neuroscience,1000,matched,2,False,ok,0.32050224599998955,0.13523733700003504,0.0007679330000200935,0.2380240240000262,0.002011629999969955,0.3760409240000513,0.13394073699999998,0.0007695480000000643,0.23681511899999996,0.371525404,,114.17578125,187.73828125,16670,16.67,100000,Intel(R) Xeon(R) Processor @ 2.10GHz | family 6 model 207 stepping 2 | 4 cpu | 16 GB,6.18.44-fc-v64,2026-10-03T00:08:04+0000,
snntorch,"snnTorch (PyTorch, CPU)",deep-learning,1000,matched,2,False,ok,1.176482630999999,0.11249242799999593,0.0018268939999757094,4.219589901999996,0.025992118000033315,4.359901342000001,0.11243582100000005,0.0018294749999998583,4.161741069,4.276006365,,490.05078125,548.671875,16670,16.67,100000,Intel(R) Xeon(R) Processor @ 2.10GHz | family 6 model 207 stepping 2 | 4 cpu | 16 GB,6.18.44-fc-v64,2026-10-03T00:08:05+0000,
numpy_ref,NumPy (hand-written reference),reference,1000,matched,2,False,ok,4.068000009738171e-06,0.014408673999980692,1.1580000318645034e-06,0.07996541400001433,1.8409999711366254e-06,0.09437708699999803,0.01440943,1.1949999999955052e-06,0.07942144,0.09383206499999999,,28.19921875,77.734375,16670,16.67,100000,Intel(R) Xeon(R) Processor @ 2.10GHz | family 6 model 207 stepping 2 | 4 cpu | 16 GB,6.18.44-fc-v64,2026-10-03T00:08:10+0000,
spikingjelly,"SpikingJelly (PyTorch, CPU)",deep-learning,1000,matched,2,False,ok,1.1486463040000103,0.057720382000013615,0.03229916200001526,0.5506202999999914,0.05215215399999806,0.6927919980000183,0.05764389300000006,0.032327702999999985,0.5427869920000001,0.6327585880000002,,494.9921875,668.05859375,16670,16.67,100000,Intel(R) Xeon(R) Processor @ 2.10GHz | family 6 model 207 stepping 2 | 4 cpu | 16 GB,6.18.44-fc-v64,2026-10-03T00:08:11+0000,
brian2_cython,"Brian2 (runtime, Cython)",neuroscience,1000,matched,2,False,ok,0.7910067469999831,0.14966630399999303,0.09296161700001448,0.1906145629999969,0.00024576399999887144,0.4334882480000033,0.05558740999999989,0.09249894099999989,0.1892555250000001,0.3373418759999999,,125.12109375,134.64453125,16670,16.67,100000,Intel(R) Xeon(R) Processor @ 2.10GHz | family 6 model 207 stepping 2 | 4 cpu | 16 GB,6.18.44-fc-v64,2026-10-03T00:08:13+0000,
brian2_cpp,Brian2 (C++ standalone),neuroscience,1000,matched,2,False,ok,0.8145448490000149,0.14441826199998786,0.19448556700001518,0.037471333000041795,0.000291318999984469,0.3766664810000293,0.14233144200000003,0.07688653200000006,0.0008782780000000656,0.22009625200000016,0.016807,125.22265625,134.71484375,16670,16.67,100000,Intel(R) Xeon(R) Processor @ 2.10GHz | family 6 model 207 stepping 2 | 4 cpu | 16 GB,6.18.44-fc-v64,2026-10-03T00:08:15+0000,
nengo,Nengo (reference simulator),neural-engineering,1000,matched,2,False,ok,0.12869915800001763,0.30352510000000166,0.027825145000008433,4.550538517999996,0.34657929799999465,5.228468061000001,0.292023655,0.027005551999999988,4.509095031999999,4.828124238999999,,50.83984375,297.078125,16670,16.67,100000,Intel(R) Xeon(R) Processor @ 2.10GHz | family 6 model 207 stepping 2 | 4 cpu | 16 GB,6.18.44-fc-v64,2026-10-03T00:08:16+0000,
nengo,Nengo (reference simulator),neural-engineering,1000,matched,3,False,ok,0.12759206499998754,0.026121735999993234,0.013507955000022775,4.731663149999974,0.3396149229999992,5.11090776399999,0.026122087000000016,0.012975332000000006,4.678021158,4.717118577,,50.6875,296.9296875,16670,16.67,100000,Intel(R) Xeon(R) Processor @ 2.10GHz | family 6 model 207 stepping 2 | 4 cpu | 16 GB,6.18.44-fc-v64,2026-10-03T00:08:22+0000,
spikingjelly,"SpikingJelly (PyTorch, CPU)",deep-learning,1000,matched,3,False,ok,1.2248447270000042,0.03986372899998969,0.03475385799998776,0.5655883129999779,0.051063989999988735,0.6912698899999441,0.03855174199999989,0.03387668200000005,0.565062779,0.637491203,,495.02734375,668.203125,16670,16.67,100000,Intel(R) Xeon(R) Processor @ 2.10GHz | family 6 model 207 stepping 2 | 4 cpu | 16 GB,6.18.44-fc-v64,2026-10-03T00:08:27+0000,
brian2_cpp,Brian2 (C++ standalone),neuroscience,1000,matched,3,False,ok,0.723715416999994,0.15363197599998557,0.1823141370000485,0.03194888299998411,0.0002979849999746875,0.36819298099999287,0.15012049000000005,0.063974423,0.0007816859999999481,0.214876599,0.016142,125.41796875,134.94140625,16670,16.67,100000,Intel(R) Xeon(R) Processor @ 2.10GHz | family 6 model 207 stepping 2 | 4 cpu | 16 GB,6.18.44-fc-v64,2026-10-03T00:08:29+0000,
brian2_cython,"Brian2 (runtime, Cython)",neuroscience,1000,matched,3,False,ok,0.7586197030000221,0.1642423999999778,0.11822066399997766,0.1989110270000083,0.00017040900002029957,0.48154449999998405,0.05991756199999998,0.11200937500000008,0.1972117269999999,0.36913866399999995,,125.3671875,134.75390625,16670,16.67,100000,Intel(R) Xeon(R) Processor @ 2.10GHz | family 6 model 207 stepping 2 | 4 cpu | 16 GB,6.18.44-fc-v64,2026-10-03T00:08:31+0000,
numpy_ref,NumPy (hand-written reference),reference,1000,matched,3,False,ok,5.053999984738766e-06,0.01823235200004092,1.1850000305457797e-06,0.07453440799997679,1.8839999711417477e-06,0.0927698290000194,0.01800512900000001,1.2590000000034518e-06,0.07382148300000001,0.09182787100000002,,28.15625,77.734375,16670,16.67,100000,Intel(R) Xeon(R) Processor @ 2.10GHz | family 6 model 207 stepping 2 | 4 cpu | 16 GB,6.18.44-fc-v64,2026-10-03T00:08:32+0000,
nest,NEST,neuroscience,1000,matched,3,False,ok,0.32580338999997593,0.12713413099999116,0.0010162190000073679,0.1994772639999951,0.0016884290000120927,0.3293160430000057,0.12612117100000003,0.000996488000000073,0.198031682,0.3251493410000001,,114.28125,187.80859375,16670,16.67,100000,Intel(R) Xeon(R) Processor @ 2.10GHz | family 6 model 207 stepping 2 | 4 cpu | 16 GB,6.18.44-fc-v64,2026-10-03T00:08:33+0000,
snntorch,"snnTorch (PyTorch, CPU)",deep-learning,1000,matched,3,False,ok,1.1741442979999874,0.02790119799999502,0.0015759390000198437,4.928191105999986,0.030432317000020248,4.988100560000021,0.026428265000000062,0.0015785270000001628,4.8465821899999995,4.874588982,,489.93359375,548.5859375,16670,16.67,100000,Intel(R) Xeon(R) Processor @ 2.10GHz | family 6 model 207 stepping 2 | 4 cpu | 16 GB,6.18.44-fc-v64,2026-10-03T00:08:33+0000,
nest,NEST,neuroscience,1000,matched,4,False,ok,0.3474914650000187,0.12329973199996402,0.0011147280000045612,0.22042131200004178,0.001913373999968826,0.3467491459999792,0.12280068200000005,0.0011167069999999946,0.21893610099999994,0.34285349,,114.1640625,187.68359375,16670,16.67,100000,Intel(R) Xeon(R) Processor @ 2.10GHz | family 6 model 207 stepping 2 | 4 cpu | 16 GB,6.18.44-fc-v64,2026-10-03T00:08:40+0000,
numpy_ref,NumPy (hand-written reference),reference,1000,matched,4,False,ok,6.7299999955139356e-06,0.015310799000019415,1.160000010713702e-06,0.08014425400000391,1.954000026671565e-06,0.09545816700006071,0.015176018999999999,1.2850000000036443e-06,0.07985368999999999,0.095030994,,28.23828125,77.734375,16670,16.67,100000,Intel(R) Xeon(R) Processor @ 2.10GHz | family 6 model 207 stepping 2 | 4 cpu | 16 GB,6.18.44-fc-v64,2026-10-03T00:08:41+0000,
nengo,Nengo (reference simulator),neural-engineering,1000,matched,4,False,ok,0.13853335999999672,0.22667909599999803,0.03541470799996205,4.743948651999972,0.20814065899998013,5.214183114999912,0.226098475,0.03452960300000002,4.687949317999999,4.948577395999999,,50.79296875,296.84375,16670,16.67,100000,Intel(R) Xeon(R) Processor @ 2.10GHz | family 6 model 207 stepping 2 | 4 cpu | 16 GB,6.18.44-fc-v64,2026-10-03T00:08:41+0000,
spikingjelly,"SpikingJelly (PyTorch, CPU)",deep-learning,1000,matched,4,False,ok,1.2724042270000382,0.03675736899998583,0.033738969000012276,0.6497126280000316,0.05462241000003587,0.7748313760000656,0.03675800200000001,0.03365570200000012,0.646327697,0.7167414010000002,,495.0,668.0625,16670,16.67,100000,Intel(R) Xeon(R) Processor @ 2.10GHz | family 6 model 207 stepping 2 | 4 cpu | 16 GB,6.18.44-fc-v64,2026-10-03T00:08:47+0000,
brian2_cpp,Brian2 (C++ standalone),neuroscience,1000,matched,4,False,ok,0.7037403240000231,0.15684427200000073,0.182271414000013,0.035694539000019176,0.00024362900001051457,0.37505385400004343,0.156266974,0.07147213699999999,0.0008729509999999552,0.22861206199999995,0.016174,125.33984375,134.83203125,16670,16.67,100000,Intel(R) Xeon(R) Processor @ 2.10GHz | family 6 model 207 stepping 2 | 4 cpu | 16 GB,6.18.44-fc-v64,2026-10-03T00:08:49+0000,
snntorch,"snnTorch (PyTorch, CPU)",deep-learning,1000,matched,4,False,ok,1.0720666050000318,0.038836415999981,0.0015000379999605684,4.556860368999992,0.03038432900001453,4.627581151999948,0.038838493999999946,0.001502652999999965,4.484561739999999,4.524902887,,489.9296875,548.57421875,16670,16.67,100000,Intel(R) Xeon(R) Processor @ 2.10GHz | family 6 model 207 stepping 2 | 4 cpu | 16 GB,6.18.44-fc-v64,2026-10-03T00:08:51+0000,
brian2_cython,"Brian2 (runtime, Cython)",neuroscience,1000,matched,4,False,ok,0.8736996159999535,0.16331057900003998,0.1225857979999887,0.20269340999999486,0.00020969099995227225,0.4887994779999758,0.06274368200000002,0.12253301100000002,0.2012945380000002,0.38657123100000024,,125.48046875,135.00390625,16670,16.67,100000,Intel(R) Xeon(R) Processor @ 2.10GHz | family 6 model 207 stepping 2 | 4 cpu | 16 GB,6.18.44-fc-v64,2026-10-03T00:08:57+0000,
numpy_ref,NumPy (hand-written reference),reference,1000,native,0,False,ok,6.552000002102432e-06,0.016340124000009837,1.3549999948736513e-06,0.09212130299999899,2.19999998307685e-06,0.10846498199998678,0.016319516000000006,1.4239999999998698e-06,0.089696836,0.10601777600000001,,28.11328125,77.734375,16670,16.67,100000,Intel(R) Xeon(R) Processor @ 2.10GHz | family 6 model 207 stepping 2 | 4 cpu | 16 GB,6.18.44-fc-v64,2026-10-03T00:08:59+0000,
nest,NEST,neuroscience,1000,native,0,False,ok,0.3450247129999866,0.12077289500001598,0.0008443239999564867,0.16776575200003663,0.0015605240000127196,0.2909434950000218,0.12073910299999996,0.0008459490000000125,0.16758672600000002,0.289171778,,114.21484375,187.7890625,16670,16.67,100000,Intel(R) Xeon(R) Processor @ 2.10GHz | family 6 model 207 stepping 2 | 4 cpu | 16 GB,6.18.44-fc-v64,2026-10-03T00:08:59+0000,
brian2_cython,"Brian2 (runtime, Cython)",neuroscience,1000,native,0,False,ok,0.7639676019999797,0.17766455999998243,0.11370824699997684,0.18068280799997183,0.0001499949999583805,0.4722056099998895,0.0637159140000001,0.11312749099999997,0.17994112400000006,0.35678452900000013,,125.09765625,134.49609375,16314,16.314,100000,Intel(R) Xeon(R) Processor @ 2.10GHz | family 6 model 207 stepping 2 | 4 cpu | 16 GB,6.18.44-fc-v64,2026-10-03T00:09:00+0000,
brian2_cpp,Brian2 (C++ standalone),neuroscience,1000,native,0,False,ok,0.7652272679999896,0.1538139109999861,2.884278767000012,0.021262298999999985,0.0003439449999973476,3.0596989219999955,0.15194219199999992,0.06637388299999991,0.0012249490000000307,0.21954102399999986,0.012645,125.4296875,135.046875,16314,16.314,100000,Intel(R) Xeon(R) Processor @ 2.10GHz | family 6 model 207 stepping 2 | 4 cpu | 16 GB,6.18.44-fc-v64,2026-10-03T00:09:01+0000,
nengo,Nengo (reference simulator),neural-engineering,1000,native,0,False,ok,0.13655288100000007,0.037687647000041125,0.014064247000021624,4.807366150000007,0.2756964280000034,5.134814472000073,0.03765740499999998,0.01336800199999999,4.770725649,4.821751056,,50.70703125,296.9453125,17033,17.033,100000,Intel(R) Xeon(R) Processor @ 2.10GHz | family 6 model 207 stepping 2 | 4 cpu | 16 GB,6.18.44-fc-v64,2026-10-03T00:09:06+0000,
snntorch,"snnTorch (PyTorch, CPU)",deep-learning,1000,native,0,False,ok,1.1312510329999554,0.028559726000025876,0.0013441629999988436,4.604678498999988,0.030017113999974754,4.664599501999987,0.028498603999999927,0.001329450999999926,4.544757002000001,4.574585057,,489.98828125,548.51171875,16670,16.67,100000,Intel(R) Xeon(R) Processor @ 2.10GHz | family 6 model 207 stepping 2 | 4 cpu | 16 GB,6.18.44-fc-v64,2026-10-03T00:09:11+0000,
spikingjelly,"SpikingJelly (PyTorch, CPU)",deep-learning,1000,native,0,False,ok,1.2235461240000518,0.02160613499995634,0.024984275999997863,0.4798216249999996,0.04760987299999897,0.5740219089999528,0.021606859999999894,0.02498726100000015,0.47816684099999995,0.524760962,,495.1171875,667.890625,16559,16.559,100000,Intel(R) Xeon(R) Processor @ 2.10GHz | family 6 model 207 stepping 2 | 4 cpu | 16 GB,6.18.44-fc-v64,2026-10-03T00:09:17+0000,
brian2_cython,"Brian2 (runtime, Cython)",neuroscience,2000,matched,-1,True,ok,0.7893106790000388,0.19325706399996534,0.12169085099998256,0.21757139999999708,0.0004931469999860383,0.533012461999931,0.08583784499999991,0.12160039700000003,0.217506105,0.42494434699999994,,127.00390625,141.01953125,33255,16.6275,200000,Intel(R) Xeon(R) Processor @ 2.10GHz | family 6 model 207 stepping 2 | 4 cpu | 16 GB,6.18.44-fc-v64,2026-10-03T00:09:20+0000,
spikingjelly,"SpikingJelly (PyTorch, CPU)",deep-learning,2000,matched,-1,True,ok,1.265100593999989,0.28464987300003486,0.03265478399998756,0.9292593870000019,0.10884157899999991,1.3554056230000242,0.284629507,0.032659248999999946,0.924699508,1.241988264,,496.8046875,855.72265625,33255,16.6275,200000,Intel(R) Xeon(R) Processor @ 2.10GHz | family 6 model 207 stepping 2 | 4 cpu | 16 GB,6.18.44-fc-v64,2026-10-03T00:09:21+0000,
snntorch,"snnTorch (PyTorch, CPU)",deep-learning,2000,matched,-1,True,ok,1.1942889719999812,0.031523231999983636,0.0015149360000350498,6.640844322000021,0.05085423400004174,6.724736724000081,0.03152439499999993,0.0015170440000000784,6.589618076000001,6.6226595150000005,,491.80859375,562.2109375,33255,16.6275,200000,Intel(R) Xeon(R) Processor @ 2.10GHz | family 6 model 207 stepping 2 | 4 cpu | 16 GB,6.18.44-fc-v64,2026-10-03T00:09:24+0000,
nest,NEST,neuroscience,2000,matched,-1,True,ok,0.30591960399999607,0.19436850900001446,0.002005934999999681,0.7367246860000023,0.0027035670000259415,0.9358026970000424,0.19421398399999995,0.002008208999999983,0.7357211889999999,0.9319433819999998,,113.9140625,227.1875,33255,16.6275,200000,Intel(R) Xeon(R) Processor @ 2.10GHz | family 6 model 207 stepping 2 | 4 cpu | 16 GB,6.18.44-fc-v64,2026-10-03T00:09:33+0000,
brian2_cpp,Brian2 (C++ standalone),neuroscience,2000,matched,-1,True,ok,0.7776545019999617,0.1343434159999788,3.1357478269999888,0.051093112999978985,0.0008044609999728891,3.3219888169999194,0.134320067,0.06999697700000007,0.0012529039999999991,0.20556994800000006,0.034681,126.87109375,141.921875,33255,16.6275,200000,Intel(R) Xeon(R) Processor @ 2.10GHz | family 6 model 207 stepping 2 | 4 cpu | 16 GB,6.18.44-fc-v64,2026-10-03T00:09:34+0000,
nengo,Nengo (reference simulator),neural-engineering,2000,matched,-1,True,ok,0.1329833920000283,0.03981426699999702,0.02216011999996681,7.967402485999969,0.6568897240000524,8.686266596999985,0.03980039300000002,0.02111644300000004,7.848975004,7.909891839999999,,50.06640625,465.34375,33255,16.6275,200000,Intel(R) Xeon(R) Processor @ 2.10GHz | family 6 model 207 stepping 2 | 4 cpu | 16 GB,6.18.44-fc-v64,2026-10-03T00:09:39+0000,
numpy_ref,NumPy (hand-written reference),reference,2000,matched,-1,True,ok,5.6610000456203124e-06,0.03614642899992759,2.6420000267535215e-06,0.10535082599994894,1.9939999447160517e-06,0.141501890999848,0.036147391,2.4039999999836414e-06,0.10517621700000002,0.141326012,,27.9453125,77.734375,33255,16.6275,200000,Intel(R) Xeon(R) Processor @ 2.10GHz | family 6 model 207 stepping 2 | 4 cpu | 16 GB,6.18.44-fc-v64,2026-10-03T00:09:48+0000,
snntorch,"snnTorch (PyTorch, CPU)",deep-learning,2000,matched,0,False,ok,1.1200156480000487,0.03982648299995617,0.0020044300000563453,6.72038537200001,0.06075328899999022,6.8229695740000125,0.039756252999999964,0.002007010999999892,6.629812228,6.671575492,,491.95703125,562.3984375,33255,16.6275,200000,Intel(R) Xeon(R) Processor @ 2.10GHz | family 6 model 207 stepping 2 | 4 cpu | 16 GB,6.18.44-fc-v64,2026-10-03T00:09:48+0000,
nest,NEST,neuroscience,2000,matched,0,False,ok,0.270309159999897,0.1818374939999785,0.002592993000007482,0.7215611920000811,0.0031400509999457427,0.9091317300000128,0.18085007399999997,0.0025954070000000495,0.7141749599999999,0.8976204409999999,,113.78125,227.0546875,33255,16.6275,200000,Intel(R) Xeon(R) Processor @ 2.10GHz | family 6 model 207 stepping 2 | 4 cpu | 16 GB,6.18.44-fc-v64,2026-10-03T00:09:56+0000,
brian2_cython,"Brian2 (runtime, Cython)",neuroscience,2000,matched,0,False,ok,0.7053430579999258,0.17399870799999917,0.10741856600009214,0.2339175399999931,0.0007058050000523508,0.5160406190001368,0.07258664799999992,0.10734476800000003,0.2333108570000001,0.41324227300000005,,127.14453125,141.40234375,33255,16.6275,200000,Intel(R) Xeon(R) Processor @ 2.10GHz | family 6 model 207 stepping 2 | 4 cpu | 16 GB,6.18.44-fc-v64,2026-10-03T00:09:58+0000,
nengo,Nengo (reference simulator),neural-engineering,2000,matched,0,False,ok,0.12981017099991732,0.29371556099999907,0.05888623099997403,7.596200346000046,0.6701741699999957,8.618976308000015,0.292168493,0.05792757999999998,7.561705575,7.911801648,,50.15625,465.4140625,33255,16.6275,200000,Intel(R) Xeon(R) Processor @ 2.10GHz | family 6 model 207 stepping 2 | 4 cpu | 16 GB,6.18.44-fc-v64,2026-10-03T00:09:59+0000,
numpy_ref,NumPy (hand-written reference),reference,2000,matched,0,False,ok,5.172999976821302e-06,0.03750261299990143,2.411000082247483e-06,0.11197254399996837,2.2440000293499907e-06,0.1494798119999814,0.03673210599999999,2.425999999999817e-06,0.10979145400000001,0.146525986,,27.83203125,77.734375,33255,16.6275,200000,Intel(R) Xeon(R) Processor @ 2.10GHz | family 6 model 207 stepping 2 | 4 cpu | 16 GB,6.18.44-fc-v64,2026-10-03T00:10:08+0000,
spikingjelly,"SpikingJelly (PyTorch, CPU)",deep-learning,2000,matched,0,False,ok,1.2277210850000984,0.28847905699990406,0.03349517100002686,1.0321719259999327,0.11276366499998858,1.4669098189998522,0.28585396099999993,0.03325208800000001,1.0278529550000002,1.3469590040000001,,496.953125,855.3046875,33255,16.6275,200000,Intel(R) Xeon(R) Processor @ 2.10GHz | family 6 model 207 stepping 2 | 4 cpu | 16 GB,6.18.44-fc-v64,2026-10-03T00:10:09+0000,
brian2_cpp,Brian2 (C++ standalone),neuroscience,2000,matched,0,False,ok,0.8289288409999926,0.1646475449999798,0.17744874999993954,0.058752078999987134,0.0007613430000219523,0.4016097169999284,0.16440814900000011,0.06532298800000014,0.000945549000000101,0.23067668600000035,0.033154,127.0546875,142.1328125,33255,16.6275,200000,Intel(R) Xeon(R) Processor @ 2.10GHz | family 6 model 207 stepping 2 | 4 cpu | 16 GB,6.18.44-fc-v64,2026-10-03T00:10:12+0000,
numpy_ref,NumPy (hand-written reference),reference,2000,matched,1,False,ok,4.1580000242902315e-06,0.027453991000015776,1.453999971090525e-06,0.08440915500000301,1.779000058377278e-06,0.11186637900004825,0.027455300000000002,1.5750000000036568e-06,0.083735908,0.111192783,,27.8359375,77.734375,33255,16.6275,200000,Intel(R) Xeon(R) Processor @ 2.10GHz | family 6 model 207 stepping 2 | 4 cpu | 16 GB,6.18.44-fc-v64,2026-10-03T00:10:13+0000,
nest,NEST,neuroscience,2000,matched,1,False,ok,0.31974795700000413,0.2019438339999624,0.0019812790000059977,0.7318418830000155,0.003292998000006264,0.9390599939999902,0.20096100300000003,0.001983466999999961,0.7218348960000001,0.9247793660000001,,113.82421875,227.09765625,33255,16.6275,200000,Intel(R) Xeon(R) Processor @ 2.10GHz | family 6 model 207 stepping 2 | 4 cpu | 16 GB,6.18.44-fc-v64,2026-10-03T00:10:14+0000,
nengo,Nengo (reference simulator),neural-engineering,2000,matched,1,False,ok,0.1484440019999056,0.257617833999916,0.08575715999995737,7.601989163999974,0.7090464770000153,8.654410634999863,0.248195269,0.084973715,7.52187205,7.855041034,,50.07421875,465.30078125,33255,16.6275,200000,Intel(R) Xeon(R) Processor @ 2.10GHz | family 6 model 207 stepping 2 | 4 cpu | 16 GB,6.18.44-fc-v64,2026-10-03T00:10:15+0000,
brian2_cpp,Brian2 (C++ standalone),neuroscience,2000,matched,1,False,ok,0.824387277000028,0.16568527799995536,0.2052568510000583,0.06573523500003375,0.0006545969999933732,0.4373319610000408,0.16551674500000002,0.0667630669999999,0.0011012480000001101,0.23338106000000003,0.033196,126.8515625,141.9921875,33255,16.6275,200000,Intel(R) Xeon(R) Processor @ 2.10GHz | family 6 model 207 stepping 2 | 4 cpu | 16 GB,6.18.44-fc-v64,2026-10-03T00:10:24+0000,
spikingjelly,"SpikingJelly (PyTorch, CPU)",deep-learning,2000,matched,1,False,ok,1.2829720460000544,0.29436224400001265,0.036176464000050146,0.8904755730000034,0.1044602389999909,1.325474520000057,0.2918748470000001,0.03093015599999993,0.8701423619999997,1.1929473649999998,,496.921875,845.49609375,33255,16.6275,200000,Intel(R) Xeon(R) Processor @ 2.10GHz | family 6 model 207 stepping 2 | 4 cpu | 16 GB,6.18.44-fc-v64,2026-10-03T00:10:26+0000,
snntorch,"snnTorch (PyTorch, CPU)",deep-learning,2000,matched,1,False,ok,1.1583895730000222,0.03779766099989956,0.001843422000092687,6.717212296000071,0.06377188700002989,6.820625266000093,0.03779840999999995,0.0018460329999998581,6.667512993000001,6.707157436000001,,491.84765625,562.24609375,33255,16.6275,200000,Intel(R) Xeon(R) Processor @ 2.10GHz | family 6 model 207 stepping 2 | 4 cpu | 16 GB,6.18.44-fc-v64,2026-10-03T00:10:29+0000,
brian2_cython,"Brian2 (runtime, Cython)",neuroscience,2000,matched,1,False,ok,0.7428705439999703,0.1749813730000369,0.112755653000022,0.23472927299997082,0.0006562219999750596,0.5231225210000048,0.0747676049999999,0.11093623399999997,0.23168886,0.41739269899999987,,127.0625,141.37890625,33255,16.6275,200000,Intel(R) Xeon(R) Processor @ 2.10GHz | family 6 model 207 stepping 2 | 4 cpu | 16 GB,6.18.44-fc-v64,2026-10-03T00:10:37+0000,
nest,NEST,neuroscience,2000,matched,2,False,ok,0.31021595799995794,0.2301282790000414,0.0019228419999990365,0.8454706630000146,0.002851884000051541,1.0803736680001066,0.22431894800000002,0.0019245089999999632,0.8276153650000001,1.053858822,,113.97265625,227.24609375,33255,16.6275,200000,Intel(R) Xeon(R) Processor @ 2.10GHz | family 6 model 207 stepping 2 | 4 cpu | 16 GB,6.18.44-fc-v64,2026-10-03T00:10:39+0000,
snntorch,"snnTorch (PyTorch, CPU)",deep-learning,2000,matched,2,False,ok,1.1117977200000269,0.1297892809999439,0.003041683000105877,6.44856013499998,0.060456846999954905,6.641847945999984,0.1219696830000001,0.0030455099999999735,6.335115418,6.460130611,,491.94140625,562.26171875,33255,16.6275,200000,Intel(R) Xeon(R) Processor @ 2.10GHz | family 6 model 207 stepping 2 | 4 cpu | 16 GB,6.18.44-fc-v64,2026-10-03T00:10:40+0000,
nengo,Nengo (reference simulator),neural-engineering,2000,matched,2,False,ok,0.1360113090000823,0.22119168900007935,0.06756496000002699,8.007059577000064,0.7563245679999682,9.052140794000138,0.219726999,0.06588955400000002,7.925993304,8.211609857000001,,49.9609375,465.91015625,33255,16.6275,200000,Intel(R) Xeon(R) Processor @ 2.10GHz | family 6 model 207 stepping 2 | 4 cpu | 16 GB,6.18.44-fc-v64,2026-10-03T00:10:49+0000,
brian2_cpp,Brian2 (C++ standalone),neuroscience,2000,matched,2,False,ok,0.7312569299999723,0.1463698289999229,0.16656576000002588,0.060983689999943635,0.0007484309999199468,0.37466770999981236,0.14561326499999994,0.06474251299999989,0.0009586470000000347,0.21131442499999986,0.032973,127.01953125,141.97265625,33255,16.6275,200000,Intel(R) Xeon(R) Processor @ 2.10GHz | family 6 model 207 stepping 2 | 4 cpu | 16 GB,6.18.44-fc-v64,2026-10-03T00:10:58+0000,
brian2_cython,"Brian2 (runtime, Cython)",neuroscience,2000,matched,2,False,ok,0.8313826139999492,0.1703649519999999,0.1288134840000339,0.1859854729999597,0.0004550130000779973,0.4856189220000715,0.07248489000000002,0.12859882199999995,0.1859220130000001,0.3870057250000001,,127.15234375,141.359375,33255,16.6275,200000,Intel(R) Xeon(R) Processor @ 2.10GHz | family 6 model 207 stepping 2 | 4 cpu | 16 GB,6.18.44-fc-v64,2026-10-03T00:10:59+0000,
spikingjelly,"SpikingJelly (PyTorch, CPU)",deep-learning,2000,matched,2,False,ok,1.233458603000031,0.27116877799994654,0.03347758100005649,0.9194013190000305,0.09176654199995937,1.315814219999993,0.2700850559999999,0.03348122099999995,0.9123431249999998,1.2159094019999996,,496.8515625,848.77734375,33255,16.6275,200000,Intel(R) Xeon(R) Processor @ 2.10GHz | family 6 model 207 stepping 2 | 4 cpu | 16 GB,6.18.44-fc-v64,2026-10-03T00:11:01+0000,
numpy_ref,NumPy (hand-written reference),reference,2000,matched,2,False,ok,4.223000019010215e-06,0.029031401999986883,1.2430000424501486e-06,0.11309508600004392,3.5899999943467265e-05,0.14216363100001672,0.029031964000000007,1.2959999999978544e-06,0.10966194400000001,0.13869520400000002,,27.9296875,77.734375,33255,16.6275,200000,Intel(R) Xeon(R) Processor @ 2.10GHz | family 6 model 207 stepping 2 | 4 cpu | 16 GB,6.18.44-fc-v64,2026-10-03T00:11:04+0000,
spikingjelly,"SpikingJelly (PyTorch, CPU)",deep-learning,2000,matched,3,False,ok,1.272343314000068,0.23447915700000976,0.026214100999936818,0.8383987870000738,0.10739381999997022,1.2064858649999906,0.22957198599999984,0.02621835200000011,0.8375865929999997,1.0933769309999997,,496.953125,857.3984375,33255,16.6275,200000,Intel(R) Xeon(R) Processor @ 2.10GHz | family 6 model 207 stepping 2 | 4 cpu | 16 GB,6.18.44-fc-v64,2026-10-03T00:11:04+0000,
nengo,Nengo (reference simulator),neural-engineering,2000,matched,3,False,ok,0.16793568200000664,0.12245649599992703,0.0766154870000264,8.068900301000099,0.7166015239999979,8.98457380800005,0.119860792,0.06934959099999999,8.007288192999999,8.196498576,,50.02734375,465.44921875,33255,16.6275,200000,Intel(R) Xeon(R) Processor @ 2.10GHz | family 6 model 207 stepping 2 | 4 cpu | 16 GB,6.18.44-fc-v64,2026-10-03T00:11:07+0000,
nest,NEST,neuroscience,2000,matched,3,False,ok,0.3750507079998897,0.2329395829999612,0.001967043999911766,0.7764869100000169,0.0030854789999921195,1.014479015999882,0.230271149,0.001968715999999926,0.7657680709999999,0.9980079359999998,,114.0,227.2734375,33255,16.6275,200000,Intel(R) Xeon(R) Processor @ 2.10GHz | family 6 model 207 stepping 2 | 4 cpu | 16 GB,6.18.44-fc-v64,2026-10-03T00:11:17+0000,
brian2_cpp,Brian2 (C++ standalone),neuroscience,2000,matched,3,False,ok,0.7087821420000182,0.14607974300008664,0.17874810700004673,0.061508977000016785,0.0007215800000039962,0.38705840700015415,0.145630472,0.06590770800000001,0.0009692150000000233,0.21250739500000004,0.033424,127.2578125,142.3046875,33255,16.6275,200000,Intel(R) Xeon(R) Processor @ 2.10GHz | family 6 model 207 stepping 2 | 4 cpu | 16 GB,6.18.44-fc-v64,2026-10-03T00:11:18+0000,
brian2_cython,"Brian2 (runtime, Cython)",neuroscience,2000,matched,3,False,ok,0.7352894219999371,0.1694310210000367,0.11600454799997806,0.23108030699995652,0.0005590140000322208,0.5170748900000035,0.070396067,0.115340255,0.230773844,0.416510166,,127.1328125,141.04296875,33255,16.6275,200000,Intel(R) Xeon(R) Processor @ 2.10GHz | family 6 model 207 stepping 2 | 4 cpu | 16 GB,6.18.44-fc-v64,2026-10-03T00:11:20+0000,
snntorch,"snnTorch (PyTorch, CPU)",deep-learning,2000,matched,3,False,ok,1.1412713339999527,0.17078183699993588,0.002362057000027562,6.261248115000058,0.06311469299998862,6.49750670200001,0.1700688079999999,0.0023646990000001367,6.164178717,6.3366122240000005,,491.86328125,562.34765625,33255,16.6275,200000,Intel(R) Xeon(R) Processor @ 2.10GHz | family 6 model 207 stepping 2 | 4 cpu | 16 GB,6.18.44-fc-v64,2026-10-03T00:11:21+0000,
numpy_ref,NumPy (hand-written reference),reference,2000,matched,3,False,ok,4.953000029672694e-06,0.03142696400004752,1.4229999578674324e-06,0.08529941200004032,1.9550000160961645e-06,0.1167297540000618,0.030068039000000005,1.4690000000039394e-06,0.085305173,0.115374681,,27.890625,77.734375,33255,16.6275,200000,Intel(R) Xeon(R) Processor @ 2.10GHz | family 6 model 207 stepping 2 | 4 cpu | 16 GB,6.18.44-fc-v64,2026-10-03T00:11:29+0000,
spikingjelly,"SpikingJelly (PyTorch, CPU)",deep-learning,2000,matched,4,False,ok,1.081723573999966,0.1825392630000806,0.028627366000023358,0.8912881350000816,0.09003007700005128,1.1924848410002369,0.17177298200000002,0.028334381999999936,0.8844692989999998,1.0845766629999998,,496.87109375,843.57421875,33255,16.6275,200000,Intel(R) Xeon(R) Processor @ 2.10GHz | family 6 model 207 stepping 2 | 4 cpu | 16 GB,6.18.44-fc-v64,2026-10-03T00:11:30+0000,
nengo,Nengo (reference simulator),neural-engineering,2000,matched,4,False,ok,0.1452406500000052,0.09891646400001264,0.06845652799995605,7.624855475999993,0.6630810030000021,8.455309470999964,0.09754738299999999,0.06784117700000003,7.540488808,7.705877368,,49.95703125,465.3359375,33255,16.6275,200000,Intel(R) Xeon(R) Processor @ 2.10GHz | family 6 model 207 stepping 2 | 4 cpu | 16 GB,6.18.44-fc-v64,2026-10-03T00:11:32+0000,
nest,NEST,neuroscience,2000,matched,4,False,ok,0.29959834399994634,0.2170184880000079,0.0017553299999235605,0.7693681650000599,0.003170870999952058,0.9913128539999434,0.20954172199999999,0.0017576800000000947,0.761605535,0.972904937,,113.94140625,227.21484375,33255,16.6275,200000,Intel(R) Xeon(R) Processor @ 2.10GHz | family 6 model 207 stepping 2 | 4 cpu | 16 GB,6.18.44-fc-v64,2026-10-03T00:11:41+0000,
brian2_cpp,Brian2 (C++ standalone),neuroscience,2000,matched,4,False,ok,0.6858718949999911,0.16743819700002405,0.17472761300007278,0.06150040800002898,0.0005027870000731127,0.4041690050001989,0.16416922300000003,0.06641040899999995,0.0008509270000000013,0.23143055899999998,0.033801,127.22265625,142.23828125,33255,16.6275,200000,Intel(R) Xeon(R) Processor @ 2.10GHz | family 6 model 207 stepping 2 | 4 cpu | 16 GB,6.18.44-fc-v64,2026-10-03T00:11:43+0000,
numpy_ref,NumPy (hand-written reference),reference,2000,matched,4,False,ok,4.986000021744985e-06,0.03585072500004571,1.560999976391031e-06,0.1184248120000575,2.1449999394462793e-06,0.15427924300001905,0.035617160999999994,1.8049999999936173e-06,0.115304548,0.15092351399999998,,27.8515625,77.734375,33255,16.6275,200000,Intel(R) Xeon(R) Processor @ 2.10GHz | family 6 model 207 stepping 2 | 4 cpu | 16 GB,6.18.44-fc-v64,2026-10-03T00:11:44+0000,
brian2_cython,"Brian2 (runtime, Cython)",neuroscience,2000,matched,4,False,ok,0.6465684040000497,0.16687267299994346,0.11477167999998983,0.23131354999998166,0.0005879929999537126,0.5135458959998687,0.07022206100000006,0.11333707500000001,0.22670229399999997,0.41026143000000004,,126.9453125,141.1015625,33255,16.6275,200000,Intel(R) Xeon(R) Processor @ 2.10GHz | family 6 model 207 stepping 2 | 4 cpu | 16 GB,6.18.44-fc-v64,2026-10-03T00:11:44+0000,
snntorch,"snnTorch (PyTorch, CPU)",deep-learning,2000,matched,4,False,ok,1.181219226000053,0.039248165999993034,0.0018516469999667606,6.598809678999942,0.05991511399997762,6.699824605999879,0.038962396000000066,0.0018536470000001248,6.521840673,6.562656716,,491.8515625,562.2421875,33255,16.6275,200000,Intel(R) Xeon(R) Processor @ 2.10GHz | family 6 model 207 stepping 2 | 4 cpu | 16 GB,6.18.44-fc-v64,2026-10-03T00:11:46+0000,
numpy_ref,NumPy (hand-written reference),reference,2000,native,0,False,ok,4.791000037585036e-06,0.03572354699997504,1.677999989624368e-06,0.10907210900006703,1.8090000821757712e-06,0.14479914300011387,0.035465959000000005,1.7050000000184973e-06,0.10907665,0.144544314,,27.83984375,77.734375,33255,16.6275,200000,Intel(R) Xeon(R) Processor @ 2.10GHz | family 6 model 207 stepping 2 | 4 cpu | 16 GB,6.18.44-fc-v64,2026-10-03T00:11:54+0000,
nest,NEST,neuroscience,2000,native,0,False,ok,0.30766224299998157,0.1911290689999987,0.002172619000020859,0.7797553430000335,0.0033342589999847405,0.9763912900000378,0.19015893500000003,0.0018337059999999905,0.7729743609999999,0.964967002,,113.79296875,227.06640625,33255,16.6275,200000,Intel(R) Xeon(R) Processor @ 2.10GHz | family 6 model 207 stepping 2 | 4 cpu | 16 GB,6.18.44-fc-v64,2026-10-03T00:11:55+0000,
brian2_cython,"Brian2 (runtime, Cython)",neuroscience,2000,native,0,False,ok,0.6753960270000334,0.19183311599999797,0.11121580899998662,0.22969497099995806,0.00034683199999108183,0.5330907279999337,0.07131859399999996,0.10920570299999999,0.22280038699999993,0.4033246839999999,,127.1953125,140.95703125,32562,16.281,200000,Intel(R) Xeon(R) Processor @ 2.10GHz | family 6 model 207 stepping 2 | 4 cpu | 16 GB,6.18.44-fc-v64,2026-10-03T00:11:56+0000,
brian2_cpp,Brian2 (C++ standalone),neuroscience,2000,native,0,False,ok,0.8047470139999859,0.16478506900000411,2.9014055009999993,0.04867464699998436,0.0004955799998924704,3.11536079699988,0.16471668000000006,0.06554213399999997,0.0011012249999999835,0.23136003900000002,0.031812,127.16796875,141.78515625,32562,16.281,200000,Intel(R) Xeon(R) Processor @ 2.10GHz | family 6 model 207 stepping 2 | 4 cpu | 16 GB,6.18.44-fc-v64,2026-10-03T00:11:58+0000,
nengo,Nengo (reference simulator),neural-engineering,2000,native,0,False,ok,0.12475915000004534,0.04093886499993005,0.022537036000016997,7.934311551000064,0.6944321500000115,8.692219602000023,0.04094002299999999,0.021881769999999967,7.87810773,7.940929523,,50.0546875,465.43359375,33939,16.9695,200000,Intel(R) Xeon(R) Processor @ 2.10GHz | family 6 model 207 stepping 2 | 4 cpu | 16 GB,6.18.44-fc-v64,2026-10-03T00:12:02+0000,
snntorch,"snnTorch (PyTorch, CPU)",deep-learning,2000,native,0,False,ok,1.1696512249999387,0.03913382200005344,0.0018391999999494146,7.028918439999984,0.061489401000017097,7.131380863000004,0.03913460400000002,0.0018421009999998184,6.922656674000001,6.963633379000001,,491.9375,562.3828125,33255,16.6275,200000,Intel(R) Xeon(R) Processor @ 2.10GHz | family 6 model 207 stepping 2 | 4 cpu | 16 GB,6.18.44-fc-v64,2026-10-03T00:12:11+0000,
spikingjelly,"SpikingJelly (PyTorch, CPU)",deep-learning,2000,native,0,False,ok,1.2898609400000396,0.03916302199991151,0.03656547900004625,0.8685910030000059,0.11953987399999733,1.063859377999961,0.03906144999999994,0.034320220999999984,0.8545986490000002,0.9279803200000001,,496.7890625,849.94921875,33030,16.515,200000,Intel(R) Xeon(R) Processor @ 2.10GHz | family 6 model 207 stepping 2 | 4 cpu | 16 GB,6.18.44-fc-v64,2026-10-03T00:12:20+0000,
brian2_cython,"Brian2 (runtime, Cython)",neuroscience,4000,matched,-1,True,ok,0.8109313209999982,0.2079888050000136,0.11712880499999301,0.2987796669999625,0.0007369560000825004,0.6246342330000516,0.09742235999999993,0.11334346399999995,0.29267507300000006,0.5034408969999999,,125.79296875,153.4765625,66576,16.644,400000,Intel(R) Xeon(R) Processor @ 2.10GHz | family 6 model 207 stepping 2 | 4 cpu | 16 GB,6.18.44-fc-v64,2026-10-03T00:12:23+0000,
nest,NEST,neuroscience,4000,matched,-1,True,ok,0.3244236309999451,0.3563361779999923,0.0033682549999412004,2.1894519449999734,0.0058417000000190455,2.554998077999926,0.35419130599999993,0.0033700570000000374,2.183237426,2.5407987889999997,,113.7890625,305.83203125,66576,16.644,400000,Intel(R) Xeon(R) Processor @ 2.10GHz | family 6 model 207 stepping 2 | 4 cpu | 16 GB,6.18.44-fc-v64,2026-10-03T00:12:25+0000,
spikingjelly,"SpikingJelly (PyTorch, CPU)",deep-learning,4000,matched,-1,True,ok,1.2065190229999416,0.3195563869999205,0.02928006899992397,1.8380708170000162,0.2145069110000577,2.4014141839999184,0.31831210499999996,0.029059955999999998,1.8194539529999998,2.1668260139999997,,495.53515625,1156.34375,66576,16.644,400000,Intel(R) Xeon(R) Processor @ 2.10GHz | family 6 model 207 stepping 2 | 4 cpu | 16 GB,6.18.44-fc-v64,2026-10-03T00:12:28+0000,
snntorch,"snnTorch (PyTorch, CPU)",deep-learning,4000,matched,-1,True,ok,1.1544024119999676,0.06899228399993262,0.0022531419999722857,10.304444027000045,0.09749339300003612,10.473182845999986,0.068439782,0.002256020999999997,10.106482067,10.17717787,,490.46875,589.75,66576,16.644,400000,Intel(R) Xeon(R) Processor @ 2.10GHz | family 6 model 207 stepping 2 | 4 cpu | 16 GB,6.18.44-fc-v64,2026-10-03T00:12:32+0000,
brian2_cpp,Brian2 (C++ standalone),neuroscience,4000,matched,-1,True,ok,0.6327302019999479,0.16430424399993626,3.0469746480000595,0.09523798300006092,0.0010365279999859922,3.3075534030000426,0.16410509800000006,0.06532494899999997,0.0011851189999999567,0.23061516599999998,0.064523,125.89453125,156.02734375,66576,16.644,400000,Intel(R) Xeon(R) Processor @ 2.10GHz | family 6 model 207 stepping 2 | 4 cpu | 16 GB,6.18.44-fc-v64,2026-10-03T00:12:44+0000,
numpy_ref,NumPy (hand-written reference),reference,4000,matched,-1,True,ok,6.83899997966364e-06,0.06413275099998827,1.8050000107905362e-06,0.1238402709999491,2.0649999896704685e-06,0.18797689199993783,0.06160829600000001,1.8950000000017564e-06,0.11921025499999999,0.180820446,,27.8046875,77.734375,66576,16.644,400000,Intel(R) Xeon(R) Processor @ 2.10GHz | family 6 model 207 stepping 2 | 4 cpu | 16 GB,6.18.44-fc-v64,2026-10-03T00:12:49+0000,
nengo,Nengo (reference simulator),neural-engineering,4000,matched,-1,True,ok,0.13986398200006533,0.4458841919999941,0.14705654200008667,13.880924542999992,1.38633487900006,15.860200156000133,0.440316266,0.14476794599999998,13.722983439,14.308067651,,50.48046875,802.953125,66576,16.644,400000,Intel(R) Xeon(R) Processor @ 2.10GHz | family 6 model 207 stepping 2 | 4 cpu | 16 GB,6.18.44-fc-v64,2026-10-03T00:12:49+0000,
numpy_ref,NumPy (hand-written reference),reference,4000,matched,0,False,ok,4.699999976764957e-06,0.07222320099992885,1.607000058356789e-06,0.14017169099997773,2.2880000187797123e-06,0.2123987869999837,0.071007355,1.6209999999794444e-06,0.132724991,0.20373396699999996,,27.90234375,77.734375,66576,16.644,400000,Intel(R) Xeon(R) Processor @ 2.10GHz | family 6 model 207 stepping 2 | 4 cpu | 16 GB,6.18.44-fc-v64,2026-10-03T00:13:05+0000,
brian2_cython,"Brian2 (runtime, Cython)",neuroscience,4000,matched,0,False,ok,0.7899195400000281,0.2011992119998922,0.09586577300001409,0.22812121899994509,0.0005829069999663261,0.5257691109998177,0.08136539499999995,0.09583886099999994,0.22791222599999994,0.40511648199999983,,125.98046875,153.75390625,66576,16.644,400000,Intel(R) Xeon(R) Processor @ 2.10GHz | family 6 model 207 stepping 2 | 4 cpu | 16 GB,6.18.44-fc-v64,2026-10-03T00:13:05+0000,
nengo,Nengo (reference simulator),neural-engineering,4000,matched,0,False,ok,0.14020074999996268,0.4414527019999923,0.13623822100009875,14.058829873000036,1.424998166000023,16.06151896200015,0.41911489,0.13341149500000005,13.892994930999999,14.445521315999999,,50.109375,802.87109375,66576,16.644,400000,Intel(R) Xeon(R) Processor @ 2.10GHz | family 6 model 207 stepping 2 | 4 cpu | 16 GB,6.18.44-fc-v64,2026-10-03T00:13:07+0000,
brian2_cpp,Brian2 (C++ standalone),neuroscience,4000,matched,0,False,ok,0.6631660460000148,0.20456649699997342,0.16566813999997976,0.12177806099998634,0.0014555440000094677,0.493468241999949,0.20072297500000003,0.054981139999999984,0.0009747150000001259,0.25667883000000014,0.08018,125.63671875,155.77734375,66576,16.644,400000,Intel(R) Xeon(R) Processor @ 2.10GHz | family 6 model 207 stepping 2 | 4 cpu | 16 GB,6.18.44-fc-v64,2026-10-03T00:13:23+0000,
spikingjelly,"SpikingJelly (PyTorch, CPU)",deep-learning,4000,matched,0,False,ok,1.3039902389999725,0.28986228200005826,0.02967080700000224,1.753493656000046,0.21780536200003553,2.290832107000142,0.28575453800000017,0.0295297080000001,1.7108192099999997,2.026103456,,495.3984375,1114.34765625,66576,16.644,400000,Intel(R) Xeon(R) Processor @ 2.10GHz | family 6 model 207 stepping 2 | 4 cpu | 16 GB,6.18.44-fc-v64,2026-10-03T00:13:25+0000,
snntorch,"snnTorch (PyTorch, CPU)",deep-learning,4000,matched,0,False,ok,1.1386385539999537,0.06803141499995036,0.002525434000062887,9.94818826900007,0.09794688399995266,10.116692002000036,0.06796269599999993,0.0025281119999998047,9.864597457,9.935088265000001,,490.4296875,589.734375,66576,16.644,400000,Intel(R) Xeon(R) Processor @ 2.10GHz | family 6 model 207 stepping 2 | 4 cpu | 16 GB,6.18.44-fc-v64,2026-10-03T00:13:29+0000,
nest,NEST,neuroscience,4000,matched,0,False,ok,0.333088441999962,0.3625220019999915,0.003845467000019198,2.0610727519999728,0.005394115999934002,2.4328343369999175,0.358275665,0.00384775599999998,2.040134559,2.4022579800000003,,113.91015625,306.05859375,66576,16.644,400000,Intel(R) Xeon(R) Processor @ 2.10GHz | family 6 model 207 stepping 2 | 4 cpu | 16 GB,6.18.44-fc-v64,2026-10-03T00:13:41+0000,
spikingjelly,"SpikingJelly (PyTorch, CPU)",deep-learning,4000,matched,1,False,ok,1.1885879589999604,0.39162032800004454,0.034630745999947976,2.2933827750000546,0.22166704800008574,2.941300897000133,0.38952185400000006,0.03446915100000014,2.273922926,2.6979139310000004,,495.40625,1169.91796875,66576,16.644,400000,Intel(R) Xeon(R) Processor @ 2.10GHz | family 6 model 207 stepping 2 | 4 cpu | 16 GB,6.18.44-fc-v64,2026-10-03T00:13:44+0000,
snntorch,"snnTorch (PyTorch, CPU)",deep-learning,4000,matched,1,False,ok,1.207868038000015,0.07250085100008619,0.0023253670000258353,10.285647113999971,0.09610691900002166,10.456580251000105,0.06999888199999993,0.002327686999999967,10.15871402,10.231040589,,490.53125,589.7421875,66576,16.644,400000,Intel(R) Xeon(R) Processor @ 2.10GHz | family 6 model 207 stepping 2 | 4 cpu | 16 GB,6.18.44-fc-v64,2026-10-03T00:13:49+0000,
brian2_cython,"Brian2 (runtime, Cython)",neuroscience,4000,matched,1,False,ok,0.6540552750000188,0.19820131099993432,0.11264281800004028,0.29459301300005336,0.0006832650000205831,0.6061204070000485,0.08689327000000002,0.112650162,0.294376305,0.493919737,,125.78515625,153.5703125,66576,16.644,400000,Intel(R) Xeon(R) Processor @ 2.10GHz | family 6 model 207 stepping 2 | 4 cpu | 16 GB,6.18.44-fc-v64,2026-10-03T00:14:01+0000,
nengo,Nengo (reference simulator),neural-engineering,4000,matched,1,False,ok,0.1412140580000596,0.4267266090000703,0.13813265299995692,13.810999330999948,1.487277328999994,15.86313592199997,0.426551069,0.13740947999999997,13.631530524999999,14.195491074,,50.1640625,802.8828125,66576,16.644,400000,Intel(R) Xeon(R) Processor @ 2.10GHz | family 6 model 207 stepping 2 | 4 cpu | 16 GB,6.18.44-fc-v64,2026-10-03T00:14:02+0000,
brian2_cpp,Brian2 (C++ standalone),neuroscience,4000,matched,1,False,ok,0.9167748050000455,0.18993541600002573,0.16087169900004028,0.1253273720000152,0.0013091239999312165,0.4774436110000124,0.18546231700000004,0.05565584700000015,0.0010816160000000075,0.2421997800000002,0.079354,125.5859375,155.5703125,66576,16.644,400000,Intel(R) Xeon(R) Processor @ 2.10GHz | family 6 model 207 stepping 2 | 4 cpu | 16 GB,6.18.44-fc-v64,2026-10-03T00:14:18+0000,
nest,NEST,neuroscience,4000,matched,1,False,ok,0.34023269399995115,0.31964203999996244,0.003394373999981326,2.0911021809999966,0.00585159999991447,2.419990194999855,0.319398825,0.003396596000000085,2.055121575,2.3779169959999997,,113.8828125,306.03125,66576,16.644,400000,Intel(R) Xeon(R) Processor @ 2.10GHz | family 6 model 207 stepping 2 | 4 cpu | 16 GB,6.18.44-fc-v64,2026-10-03T00:14:20+0000,
numpy_ref,NumPy (hand-written reference),reference,4000,matched,1,False,ok,3.6500000533123966e-06,0.07295403500006614,2.304000076946977e-06,0.14065561100005652,2.2330000319925603e-06,0.2136141830002316,0.07184987000000001,2.317000000001679e-06,0.13576210900000002,0.20761429600000003,,27.75390625,77.734375,66576,16.644,400000,Intel(R) Xeon(R) Processor @ 2.10GHz | family 6 model 207 stepping 2 | 4 cpu | 16 GB,6.18.44-fc-v64,2026-10-03T00:14:23+0000,
numpy_ref,NumPy (hand-written reference),reference,4000,matched,2,False,ok,5.657999963659677e-06,0.05982687599998826,1.1680000397973345e-06,0.10658376599997155,2.1200000901444582e-06,0.16641393000008975,0.05982873899999999,1.3090000000048896e-06,0.106289717,0.166119765,,27.859375,77.734375,66576,16.644,400000,Intel(R) Xeon(R) Processor @ 2.10GHz | family 6 model 207 stepping 2 | 4 cpu | 16 GB,6.18.44-fc-v64,2026-10-03T00:14:24+0000,
spikingjelly,"SpikingJelly (PyTorch, CPU)",deep-learning,4000,matched,2,False,ok,1.2499327040000026,0.33841899599997305,0.035144440000067334,1.6658550009999544,0.22163618700005827,2.261054624000053,0.33757225999999996,0.03514896200000006,1.6431735459999999,2.015894768,,495.4921875,1162.4765625,66576,16.644,400000,Intel(R) Xeon(R) Processor @ 2.10GHz | family 6 model 207 stepping 2 | 4 cpu | 16 GB,6.18.44-fc-v64,2026-10-03T00:14:24+0000,
snntorch,"snnTorch (PyTorch, CPU)",deep-learning,4000,matched,2,False,ok,1.1824535219999461,0.0729581570000164,0.0029235450000442142,9.876372468999989,0.09716013100000964,10.04941430200006,0.07152415700000003,0.0029269830000000496,9.77790967,9.85236081,,490.39453125,589.62890625,66576,16.644,400000,Intel(R) Xeon(R) Processor @ 2.10GHz | family 6 model 207 stepping 2 | 4 cpu | 16 GB,6.18.44-fc-v64,2026-10-03T00:14:28+0000,
brian2_cython,"Brian2 (runtime, Cython)",neuroscience,4000,matched,2,False,ok,0.8347548389999702,0.2267746070000385,0.15428838799994082,0.36818271699996785,0.0006867099999681159,0.7499324219999153,0.1060316910000001,0.15417579299999984,0.366201652,0.6264091359999999,,125.61328125,153.23046875,66576,16.644,400000,Intel(R) Xeon(R) Processor @ 2.10GHz | family 6 model 207 stepping 2 | 4 cpu | 16 GB,6.18.44-fc-v64,2026-10-03T00:14:40+0000,
nengo,Nengo (reference simulator),neural-engineering,4000,matched,2,False,ok,0.14294656900005975,0.4432762740000271,0.14985366899998098,13.770300291000012,1.358275764000041,15.721705998000061,0.43749745800000006,0.147743159,13.622543543,14.207784160000001,,50.16015625,802.2265625,66576,16.644,400000,Intel(R) Xeon(R) Processor @ 2.10GHz | family 6 model 207 stepping 2 | 4 cpu | 16 GB,6.18.44-fc-v64,2026-10-03T00:14:42+0000,
brian2_cpp,Brian2 (C++ standalone),neuroscience,4000,matched,2,False,ok,0.873942192999948,0.1975714389999439,0.1824252000000115,0.1071130190000531,0.0008631419999574064,0.4879727999999659,0.19062601800000012,0.0710354769999999,0.0009344059999998322,0.26259590099999985,0.064988,125.75390625,155.8359375,66576,16.644,400000,Intel(R) Xeon(R) Processor @ 2.10GHz | family 6 model 207 stepping 2 | 4 cpu | 16 GB,6.18.44-fc-v64,2026-10-03T00:14:58+0000,
nest,NEST,neuroscience,4000,matched,2,False,ok,0.36261543199998414,0.3550641249998989,0.003638528999999835,2.051548743000012,0.004778414000043085,2.415029810999954,0.354278424,0.0036401489999999814,2.037064601,2.394983174,,113.95703125,306.10546875,66576,16.644,400000,Intel(R) Xeon(R) Processor @ 2.10GHz | family 6 model 207 stepping 2 | 4 cpu | 16 GB,6.18.44-fc-v64,2026-10-03T00:14:59+0000,
nengo,Nengo (reference simulator),neural-engineering,4000,matched,3,False,ok,0.11937278699997478,0.3351518690000148,0.11368871800004854,14.394694071000004,1.5185496269999703,16.362084285000037,0.33490012,0.11218019000000001,14.299721436,14.746801746000001,,50.484375,802.12890625,66576,16.644,400000,Intel(R) Xeon(R) Processor @ 2.10GHz | family 6 model 207 stepping 2 | 4 cpu | 16 GB,6.18.44-fc-v64,2026-10-03T00:15:02+0000,
spikingjelly,"SpikingJelly (PyTorch, CPU)",deep-learning,4000,matched,3,False,ok,1.2417684060000056,0.0796982140000182,0.04194041699997797,1.6622943620000115,0.2239957740000591,2.0079287670000667,0.07768310299999981,0.04192170300000009,1.638650234,1.7582550399999999,,495.58984375,1114.34765625,66576,16.644,400000,Intel(R) Xeon(R) Processor @ 2.10GHz | family 6 model 207 stepping 2 | 4 cpu | 16 GB,6.18.44-fc-v64,2026-10-03T00:15:19+0000,
numpy_ref,NumPy (hand-written reference),reference,4000,matched,3,False,ok,6.5030000087062945e-06,0.059341115000052014,1.4720000081069884e-06,0.14103142600004048,2.3500000452258973e-06,0.20037636300014583,0.058864452,1.5740000000041832e-06,0.135432177,0.194298203,,27.71875,77.734375,66576,16.644,400000,Intel(R) Xeon(R) Processor @ 2.10GHz | family 6 model 207 stepping 2 | 4 cpu | 16 GB,6.18.44-fc-v64,2026-10-03T00:15:23+0000,
nest,NEST,neuroscience,4000,matched,3,False,ok,0.2784495139999308,0.3552791409999827,0.004515238999942994,1.7477198979999002,0.004761702999985573,2.1122759809998115,0.350514522,0.004517449000000062,1.7385145890000002,2.09354656,,113.84765625,305.92578125,66576,16.644,400000,Intel(R) Xeon(R) Processor @ 2.10GHz | family 6 model 207 stepping 2 | 4 cpu | 16 GB,6.18.44-fc-v64,2026-10-03T00:15:23+0000,
brian2_cpp,Brian2 (C++ standalone),neuroscience,4000,matched,3,False,ok,0.6142724270000599,0.1690532960000155,0.17039306200001647,0.12442391799993402,0.0009786269999949582,0.46484890299996096,0.16882743300000003,0.0654731890000001,0.0010685769999999595,0.23536919900000008,0.077657,125.83984375,155.98046875,66576,16.644,400000,Intel(R) Xeon(R) Processor @ 2.10GHz | family 6 model 207 stepping 2 | 4 cpu | 16 GB,6.18.44-fc-v64,2026-10-03T00:15:26+0000,
snntorch,"snnTorch (PyTorch, CPU)",deep-learning,4000,matched,3,False,ok,1.1789702339999621,0.06621447899999566,0.002072167000051195,10.313235304000045,0.14055601300003673,10.522077963000129,0.06597558200000009,0.002074646000000069,10.1848174,10.252867628,,490.5390625,589.85546875,66576,16.644,400000,Intel(R) Xeon(R) Processor @ 2.10GHz | family 6 model 207 stepping 2 | 4 cpu | 16 GB,6.18.44-fc-v64,2026-10-03T00:15:27+0000,
brian2_cython,"Brian2 (runtime, Cython)",neuroscience,4000,matched,3,False,ok,0.7875326130000531,0.20445494000000508,0.11267475099998592,0.2667112450000104,0.0005910039999434957,0.5844319399999449,0.09853896899999992,0.107928876,0.266211934,0.4726797789999999,,125.63671875,153.41796875,66576,16.644,400000,Intel(R) Xeon(R) Processor @ 2.10GHz | family 6 model 207 stepping 2 | 4 cpu | 16 GB,6.18.44-fc-v64,2026-10-03T00:15:39+0000,
brian2_cython,"Brian2 (runtime, Cython)",neuroscience,4000,matched,4,False,ok,0.8413186909999695,0.20799007299990535,0.11887514299996838,0.2942983710000817,0.000695524999969166,0.6218591119999246,0.09976318700000009,0.11622102199999995,0.2909070490000001,0.5068912580000001,,126.01171875,153.71875,66576,16.644,400000,Intel(R) Xeon(R) Processor @ 2.10GHz | family 6 model 207 stepping 2 | 4 cpu | 16 GB,6.18.44-fc-v64,2026-10-03T00:15:41+0000,
brian2_cpp,Brian2 (C++ standalone),neuroscience,4000,matched,4,False,ok,0.7693942089999837,0.15191392200006248,0.19113832799996544,0.12970671199991557,0.0010100189999775466,0.47376898099992104,0.15180049200000012,0.08041981900000006,0.0010682570000000169,0.2332885680000002,0.081129,125.8203125,155.9609375,66576,16.644,400000,Intel(R) Xeon(R) Processor @ 2.10GHz | family 6 model 207 stepping 2 | 4 cpu | 16 GB,6.18.44-fc-v64,2026-10-03T00:15:43+0000,
numpy_ref,NumPy (hand-written reference),reference,4000,matched,4,False,ok,3.118999984508264e-06,0.05752500300002339,1.3659999922310817e-06,0.10692539599995143,1.714000063657295e-06,0.1644534790000307,0.05748305099999999,1.5569999999853756e-06,0.10683225700000001,0.16431686499999998,,27.76171875,77.734375,66576,16.644,400000,Intel(R) Xeon(R) Processor @ 2.10GHz | family 6 model 207 stepping 2 | 4 cpu | 16 GB,6.18.44-fc-v64,2026-10-03T00:15:45+0000,
nengo,Nengo (reference simulator),neural-engineering,4000,matched,4,False,ok,0.135323996000011,0.41780968000000485,0.12963381700001264,14.083682264999993,1.3900461669999231,16.021171928999934,0.41710123800000004,0.12651114099999994,13.884188324,14.427800703,,50.171875,803.0703125,66576,16.644,400000,Intel(R) Xeon(R) Processor @ 2.10GHz | family 6 model 207 stepping 2 | 4 cpu | 16 GB,6.18.44-fc-v64,2026-10-03T00:15:45+0000,
snntorch,"snnTorch (PyTorch, CPU)",deep-learning,4000,matched,4,False,ok,1.1262087909999536,0.08233928300001025,0.00508290000004763,10.22444411999993,0.12888847800002168,10.44075478100001,0.07907707299999989,0.002866388000000164,10.075986033,10.157929494,,490.56640625,589.765625,66576,16.644,400000,Intel(R) Xeon(R) Processor @ 2.10GHz | family 6 model 207 stepping 2 | 4 cpu | 16 GB,6.18.44-fc-v64,2026-10-03T00:16:01+0000,
spikingjelly,"SpikingJelly (PyTorch, CPU)",deep-learning,4000,matched,4,False,ok,1.3338825299999826,0.23745721299997058,0.03772639499993602,1.8667157969999835,0.22340330700001232,2.3653027119999024,0.23674947199999985,0.037682993,1.82382657,2.098259035,,495.33984375,1113.2734375,66576,16.644,400000,Intel(R) Xeon(R) Processor @ 2.10GHz | family 6 model 207 stepping 2 | 4 cpu | 16 GB,6.18.44-fc-v64,2026-10-03T00:16:13+0000,
nest,NEST,neuroscience,4000,matched,4,False,ok,0.32912709200002155,0.3420625310000105,0.00422244399999272,2.150772353999969,0.005764940000062779,2.502822269000035,0.34120509799999993,0.00422475500000008,2.134180512,2.479610365,,114.08984375,306.11328125,66576,16.644,400000,Intel(R) Xeon(R) Processor @ 2.10GHz | family 6 model 207 stepping 2 | 4 cpu | 16 GB,6.18.44-fc-v64,2026-10-03T00:16:17+0000,
numpy_ref,NumPy (hand-written reference),reference,4000,native,0,False,ok,4.75299998470291e-06,0.0810480349999807,2.0589999394360348e-06,0.13660096000000976,3.9469999819630175e-06,0.21765500099991186,0.080894609,1.9490000000010888e-06,0.136381108,0.217277666,,27.98828125,77.734375,66576,16.644,400000,Intel(R) Xeon(R) Processor @ 2.10GHz | family 6 model 207 stepping 2 | 4 cpu | 16 GB,6.18.44-fc-v64,2026-10-03T00:16:21+0000,
nest,NEST,neuroscience,4000,native,0,False,ok,0.3351469020000195,0.36467377700000725,0.003850405999969553,2.0064134629999444,0.006154996999953255,2.3810926429998744,0.355981164,0.003853543999999931,1.984657532,2.34449224,,114.05859375,306.08203125,66576,16.644,400000,Intel(R) Xeon(R) Processor @ 2.10GHz | family 6 model 207 stepping 2 | 4 cpu | 16 GB,6.18.44-fc-v64,2026-10-03T00:16:21+0000,
brian2_cython,"Brian2 (runtime, Cython)",neuroscience,4000,native,0,False,ok,0.8017725459999383,0.19021797600009904,0.11202442000001156,0.30293185000004996,0.000721130999977504,0.6058953770001381,0.09561913300000002,0.1115162460000001,0.300668798,0.5078041770000001,,125.90234375,153.4140625,65201,16.30025,400000,Intel(R) Xeon(R) Processor @ 2.10GHz | family 6 model 207 stepping 2 | 4 cpu | 16 GB,6.18.44-fc-v64,2026-10-03T00:16:24+0000,
brian2_cpp,Brian2 (C++ standalone),neuroscience,4000,native,0,False,ok,0.7937389600000415,0.19805378299997756,3.158135989000016,0.11720086299999366,0.0009539369999629344,3.47434457199995,0.19493896,0.0666468469999999,0.0012382300000000068,0.2628240369999999,0.084292,125.8125,155.73828125,65201,16.30025,400000,Intel(R) Xeon(R) Processor @ 2.10GHz | family 6 model 207 stepping 2 | 4 cpu | 16 GB,6.18.44-fc-v64,2026-10-03T00:16:26+0000,
nengo,Nengo (reference simulator),neural-engineering,4000,native,0,False,ok,0.12149885200005883,0.15188182199995026,0.1078891020000583,14.084666837999976,1.393159632999982,15.737597394999966,0.15127026,0.10596549599999999,13.917078618,14.174314374,,50.5859375,802.39453125,67947,16.98675,400000,Intel(R) Xeon(R) Processor @ 2.10GHz | family 6 model 207 stepping 2 | 4 cpu | 16 GB,6.18.44-fc-v64,2026-10-03T00:16:31+0000,
snntorch,"snnTorch (PyTorch, CPU)",deep-learning,4000,native,0,False,ok,1.1547531709999248,0.05516789199998584,0.0017978879999418496,10.536964702999967,0.13584135700000388,10.729771839999898,0.05495914499999999,0.0017998430000001342,10.4093778,10.466136788,,490.39453125,589.625,66576,16.644,400000,Intel(R) Xeon(R) Processor @ 2.10GHz | family 6 model 207 stepping 2 | 4 cpu | 16 GB,6.18.44-fc-v64,2026-10-03T00:16:47+0000,
spikingjelly,"SpikingJelly (PyTorch, CPU)",deep-learning,4000,native,0,False,ok,1.2523516310000105,0.06784006800000952,0.03273333799995726,1.7614876189999222,0.2139603430000534,2.0760213679999424,0.06752629599999982,0.03268354399999995,1.751550232,1.8517600719999998,,495.51171875,1163.953125,66148,16.537,400000,Intel(R) Xeon(R) Processor @ 2.10GHz | family 6 model 207 stepping 2 | 4 cpu | 16 GB,6.18.44-fc-v64,2026-10-03T00:17:00+0000,
brian2_cpp,Brian2 (C++ standalone),neuroscience,8000,matched,-1,True,ok,0.7852884629999153,0.2672412649999387,2.6722784730000058,0.2381447200000366,0.0016897559999051737,3.1793542139998863,0.26613416300000003,0.10173597099999987,0.0012500439999998392,0.36912017799999974,0.176976,125.83984375,183.33203125,132653,16.581625,800000,Intel(R) Xeon(R) Processor @ 2.10GHz | family 6 model 207 stepping 2 | 4 cpu | 16 GB,6.18.44-fc-v64,2026-10-03T00:17:04+0000,
numpy_ref,NumPy (hand-written reference),reference,8000,matched,-1,True,ok,5.640999916067813e-06,0.13986134799995398,1.7899999420478707e-06,0.19386628999995992,2.6779999870996107e-06,0.33373210599984304,0.139032682,1.8370000000045295e-06,0.17898371100000005,0.31801823000000007,,28.18359375,77.734375,132653,16.581625,800000,Intel(R) Xeon(R) Processor @ 2.10GHz | family 6 model 207 stepping 2 | 4 cpu | 16 GB,6.18.44-fc-v64,2026-10-03T00:17:08+0000,
snntorch,"snnTorch (PyTorch, CPU)",deep-learning,8000,matched,-1,True,ok,1.0804424959999324,0.25061329599998317,0.004903492000039478,16.450948881000045,0.25371357500000613,16.960179244000074,0.248884549,0.004906414000000137,16.261224127000002,16.515015090000002,,490.44921875,644.6796875,132651,16.581375,800000,Intel(R) Xeon(R) Processor @ 2.10GHz | family 6 model 207 stepping 2 | 4 cpu | 16 GB,6.18.44-fc-v64,2026-10-03T00:17:09+0000,
brian2_cython,"Brian2 (runtime, Cython)",neuroscience,8000,matched,-1,True,ok,0.8004111579999744,0.2686164110000391,0.11985857100000885,0.4532316779999519,0.0015808250000191038,0.8432874850000189,0.16805013400000002,0.119803557,0.450036989,0.73789068,,125.90625,178.19921875,132653,16.581625,800000,Intel(R) Xeon(R) Processor @ 2.10GHz | family 6 model 207 stepping 2 | 4 cpu | 16 GB,6.18.44-fc-v64,2026-10-03T00:17:27+0000,
nest,NEST,neuroscience,8000,matched,-1,True,ok,0.31234671499998967,0.700669578999964,0.0071689679999735745,4.029795736000096,0.010313867000036225,4.74794815000007,0.6953262440000001,0.006719915000000132,3.981222422,4.683268581,,114.18359375,463.828125,132653,16.581625,800000,Intel(R) Xeon(R) Processor @ 2.10GHz | family 6 model 207 stepping 2 | 4 cpu | 16 GB,6.18.44-fc-v64,2026-10-03T00:17:29+0000,
nengo,Nengo (reference simulator),neural-engineering,8000,matched,-1,True,ok,0.12798429499991926,0.5963364489999776,0.30866794300004585,26.557525466000016,2.8619383270000753,30.324468185000114,0.586928416,0.3054775489999999,26.243672441,27.136078406,,50.19140625,1475.77734375,132653,16.581625,800000,Intel(R) Xeon(R) Processor @ 2.10GHz | family 6 model 207 stepping 2 | 4 cpu | 16 GB,6.18.44-fc-v64,2026-10-03T00:17:35+0000,
spikingjelly,"SpikingJelly (PyTorch, CPU)",deep-learning,8000,matched,-1,True,ok,1.2757812419999937,0.18397000499999194,0.029420780000009472,3.8460477229999697,0.43307615900005203,4.492514667000023,0.1833698589999999,0.02942446700000012,3.7920764650000005,4.004870791,,495.4296875,1654.42578125,132651,16.581375,800000,Intel(R) Xeon(R) Processor @ 2.10GHz | family 6 model 207 stepping 2 | 4 cpu | 16 GB,6.18.44-fc-v64,2026-10-03T00:18:05+0000,
numpy_ref,NumPy (hand-written reference),reference,8000,matched,0,False,ok,5.105000013827521e-06,0.14809694500002024,1.421999968442833e-06,0.17614772399997491,2.6750000188258127e-06,0.3242487659999824,0.14379114300000004,1.4879999999939386e-06,0.17430388400000002,0.318096515,,28.2109375,77.734375,132653,16.581625,800000,Intel(R) Xeon(R) Processor @ 2.10GHz | family 6 model 207 stepping 2 | 4 cpu | 16 GB,6.18.44-fc-v64,2026-10-03T00:18:12+0000,
spikingjelly,"SpikingJelly (PyTorch, CPU)",deep-learning,8000,matched,0,False,ok,1.2448933859999443,0.2761937059999582,0.04209451799999897,4.951121231999878,0.41762294599993766,5.6870324019997724,0.2674334759999999,0.041672559,4.895180111,5.204286146,,495.61328125,1803.24609375,132651,16.581375,800000,Intel(R) Xeon(R) Processor @ 2.10GHz | family 6 model 207 stepping 2 | 4 cpu | 16 GB,6.18.44-fc-v64,2026-10-03T00:18:12+0000,
snntorch,"snnTorch (PyTorch, CPU)",deep-learning,8000,matched,0,False,ok,1.1576908260001346,0.10250905200018678,0.003218250999907468,16.52637540800015,0.23088800899995476,16.862990720000198,0.10237863699999994,0.003220557000000124,16.365094297,16.470693491,,490.4375,644.62890625,132651,16.581375,800000,Intel(R) Xeon(R) Processor @ 2.10GHz | family 6 model 207 stepping 2 | 4 cpu | 16 GB,6.18.44-fc-v64,2026-10-03T00:18:20+0000,
brian2_cython,"Brian2 (runtime, Cython)",neuroscience,8000,matched,0,False,ok,0.7885187259998929,0.25320302000000083,0.13775968999993893,0.47667773600005603,0.0014424270000290562,0.8690828730000248,0.1500816100000001,0.1338221719999999,0.4726028790000001,0.7565066610000001,,125.8984375,178.12890625,132653,16.581625,800000,Intel(R) Xeon(R) Processor @ 2.10GHz | family 6 model 207 stepping 2 | 4 cpu | 16 GB,6.18.44-fc-v64,2026-10-03T00:18:38+0000,
nengo,Nengo (reference simulator),neural-engineering,8000,matched,0,False,ok,0.16611125800000082,0.6357302530000197,0.3254938789998505,26.476329920999888,2.848132903000078,30.285686955999836,0.617943216,0.31633231500000014,26.216518386,27.150793917,,50.22265625,1476.15234375,132653,16.581625,800000,Intel(R) Xeon(R) Processor @ 2.10GHz | family 6 model 207 stepping 2 | 4 cpu | 16 GB,6.18.44-fc-v64,2026-10-03T00:18:41+0000,
brian2_cpp,Brian2 (C++ standalone),neuroscience,8000,matched,0,False,ok,0.778915397999981,0.2490931529998761,0.1908774410001115,0.26934529599998314,0.0014960000000883156,0.7108118900000591,0.24367082399999995,0.07273359700000004,0.0011891170000000173,0.317593538,0.184126,125.58984375,183.1953125,132653,16.581625,800000,Intel(R) Xeon(R) Processor @ 2.10GHz | family 6 model 207 stepping 2 | 4 cpu | 16 GB,6.18.44-fc-v64,2026-10-03T00:19:11+0000,
nest,NEST,neuroscience,8000,matched,0,False,ok,0.279055180000114,0.6961376220001512,0.008601037000062206,4.3759735260000525,0.022922354000002088,5.103634539000268,0.686617505,0.008603695999999994,4.3552250390000005,5.05044624,,113.72265625,463.80859375,132653,16.581625,800000,Intel(R) Xeon(R) Processor @ 2.10GHz | family 6 model 207 stepping 2 | 4 cpu | 16 GB,6.18.44-fc-v64,2026-10-03T00:19:13+0000,
brian2_cpp,Brian2 (C++ standalone),neuroscience,8000,matched,1,False,ok,0.7878280079999058,0.237306401999831,0.18853595900009168,0.2742804360000264,0.0018219150001641538,0.7019447120001132,0.23316307599999997,0.07022163300000006,0.0010569519999998889,0.3044416609999999,0.186646,125.89453125,183.32421875,132653,16.581625,800000,Intel(R) Xeon(R) Processor @ 2.10GHz | family 6 model 207 stepping 2 | 4 cpu | 16 GB,6.18.44-fc-v64,2026-10-03T00:19:19+0000,
brian2_cython,"Brian2 (runtime, Cython)",neuroscience,8000,matched,1,False,ok,0.8902206549998937,0.2324773609998374,0.12193929799991565,0.45156492499995693,0.0013721909999730997,0.8073537749996831,0.12374806700000018,0.1197627269999999,0.44913335500000007,0.6926441490000002,,125.66796875,177.84375,132653,16.581625,800000,Intel(R) Xeon(R) Processor @ 2.10GHz | family 6 model 207 stepping 2 | 4 cpu | 16 GB,6.18.44-fc-v64,2026-10-03T00:19:21+0000,
spikingjelly,"SpikingJelly (PyTorch, CPU)",deep-learning,8000,matched,1,False,ok,1.2536041769999429,0.29082745200003046,0.03677642599996034,5.999468619000027,0.4438478849999683,6.770920381999986,0.2871695510000001,0.036780824000000045,5.948487831,6.2724382059999995,,495.41796875,1802.328125,132651,16.581375,800000,Intel(R) Xeon(R) Processor @ 2.10GHz | family 6 model 207 stepping 2 | 4 cpu | 16 GB,6.18.44-fc-v64,2026-10-03T00:19:23+0000,
numpy_ref,NumPy (hand-written reference),reference,8000,matched,1,False,ok,4.687999989982927e-06,0.12094061800007694,1.5630000689270673e-06,0.18305036200013092,2.936000100817182e-06,0.3039954790003776,0.12069855400000001,1.6609999999861458e-06,0.180095287,0.300795502,,28.15625,77.734375,132653,16.581625,800000,Intel(R) Xeon(R) Processor @ 2.10GHz | family 6 model 207 stepping 2 | 4 cpu | 16 GB,6.18.44-fc-v64,2026-10-03T00:19:32+0000,
nengo,Nengo (reference simulator),neural-engineering,8000,matched,1,False,ok,0.10516625299987936,0.0982356700001219,0.07075362899990978,26.943836533000194,2.9987180029997944,30.11154383500002,0.09507692400000001,0.07024341,26.680323205,26.845643539,,50.3046875,1475.98828125,132653,16.581625,800000,Intel(R) Xeon(R) Processor @ 2.10GHz | family 6 model 207 stepping 2 | 4 cpu | 16 GB,6.18.44-fc-v64,2026-10-03T00:19:32+0000,
snntorch,"snnTorch (PyTorch, CPU)",deep-learning,8000,matched,1,False,ok,1.2257257889998527,0.13597085300011713,0.004615736999994624,16.373035987999856,0.19199479600001723,16.705617373999985,0.13358629300000002,0.00461937499999987,16.220611724,16.358817392000002,,490.47265625,644.89453125,132651,16.581375,800000,Intel(R) Xeon(R) Processor @ 2.10GHz | family 6 model 207 stepping 2 | 4 cpu | 16 GB,6.18.44-fc-v64,2026-10-03T00:20:03+0000,
nest,NEST,neuroscience,8000,matched,1,False,ok,0.2775584479998088,0.6609133150000162,0.006973433999974077,4.305833613000004,0.012096922999944582,4.985817284999939,0.649601241,0.006953790000000071,4.291188010999999,4.947743041999999,,114.18359375,463.83984375,132653,16.581625,800000,Intel(R) Xeon(R) Processor @ 2.10GHz | family 6 model 207 stepping 2 | 4 cpu | 16 GB,6.18.44-fc-v64,2026-10-03T00:20:21+0000,
nengo,Nengo (reference simulator),neural-engineering,8000,matched,2,False,ok,0.12389921900012268,0.531549387999803,0.30720384999995076,26.77898912500018,2.893936048999876,30.51167841199981,0.5312487379999999,0.302110008,26.561300664999997,27.394659410999996,,50.359375,1476.1953125,132653,16.581625,800000,Intel(R) Xeon(R) Processor @ 2.10GHz | family 6 model 207 stepping 2 | 4 cpu | 16 GB,6.18.44-fc-v64,2026-10-03T00:20:26+0000,
brian2_cython,"Brian2 (runtime, Cython)",neuroscience,8000,matched,2,False,ok,0.8086003080002229,0.2522425069998917,0.138364059000196,0.47692675600001166,0.0013355619998947077,0.8688688839999941,0.13713666299999994,0.137117041,0.47575486599999994,0.7500085699999999,,125.6484375,177.83984375,132653,16.581625,800000,Intel(R) Xeon(R) Processor @ 2.10GHz | family 6 model 207 stepping 2 | 4 cpu | 16 GB,6.18.44-fc-v64,2026-10-03T00:20:57+0000,
nest,NEST,neuroscience,8000,matched,2,False,ok,0.30118385900004796,0.6533512739999878,0.006061936999913087,4.313895306999939,0.012355027000012342,4.985663544999852,0.6501128669999999,0.006064122000000172,4.281863225,4.938040214000001,,113.75390625,463.74609375,132653,16.581625,800000,Intel(R) Xeon(R) Processor @ 2.10GHz | family 6 model 207 stepping 2 | 4 cpu | 16 GB,6.18.44-fc-v64,2026-10-03T00:20:59+0000,
numpy_ref,NumPy (hand-written reference),reference,8000,matched,2,False,ok,4.7250000534404535e-06,0.1457594579999295,1.4209999790182337e-06,0.18296624699996755,2.52800009548082e-06,0.32872965399997156,0.145188415,1.4949999999624985e-06,0.174050219,0.319240129,,28.11328125,77.734375,132653,16.581625,800000,Intel(R) Xeon(R) Processor @ 2.10GHz | family 6 model 207 stepping 2 | 4 cpu | 16 GB,6.18.44-fc-v64,2026-10-03T00:21:05+0000,
snntorch,"snnTorch (PyTorch, CPU)",deep-learning,8000,matched,2,False,ok,1.2246384700001727,0.2066263419999359,0.004333408000093186,16.815736090999962,0.23313114900020082,17.259826990000192,0.20615190599999988,0.004336563999999932,16.559309316,16.769797786,,490.5546875,645.0,132651,16.581375,800000,Intel(R) Xeon(R) Processor @ 2.10GHz | family 6 model 207 stepping 2 | 4 cpu | 16 GB,6.18.44-fc-v64,2026-10-03T00:21:06+0000,
spikingjelly,"SpikingJelly (PyTorch, CPU)",deep-learning,8000,matched,2,False,ok,1.2544143059999442,0.28163719400004084,0.03532898200001,4.857952144000137,0.36956875600003514,5.544487076000223,0.2795534770000001,0.03533334799999999,4.820082368,5.134969193,,495.55859375,1654.44921875,132651,16.581375,800000,Intel(R) Xeon(R) Processor @ 2.10GHz | family 6 model 207 stepping 2 | 4 cpu | 16 GB,6.18.44-fc-v64,2026-10-03T00:21:25+0000,
brian2_cpp,Brian2 (C++ standalone),neuroscience,8000,matched,2,False,ok,0.8222098930000357,0.24291218999997,0.22964093400014463,0.26498745300000337,0.0013650450000568526,0.7389056220001748,0.24248364499999997,0.06456159000000006,0.0010583630000000621,0.3081035980000001,0.188904,125.75,183.35546875,132653,16.581625,800000,Intel(R) Xeon(R) Processor @ 2.10GHz | family 6 model 207 stepping 2 | 4 cpu | 16 GB,6.18.44-fc-v64,2026-10-03T00:21:32+0000,
brian2_cython,"Brian2 (runtime, Cython)",neuroscience,8000,matched,3,False,ok,0.7905651710000257,0.25015667899992877,0.12381567400007043,0.4873229979998541,0.0015164330000061454,0.8628117839998595,0.14291514699999996,0.12363050700000011,0.4671036660000001,0.7336493200000002,,125.6484375,177.90234375,132653,16.581625,800000,Intel(R) Xeon(R) Processor @ 2.10GHz | family 6 model 207 stepping 2 | 4 cpu | 16 GB,6.18.44-fc-v64,2026-10-03T00:21:34+0000,
nengo,Nengo (reference simulator),neural-engineering,8000,matched,3,False,ok,0.10287403400002404,0.4864010329999928,0.05127779700001156,27.100609050999992,2.6401056439999593,30.278393524999956,0.479896355,0.050563434999999934,26.877092837,27.407552626999998,,50.3359375,1476.76953125,132653,16.581625,800000,Intel(R) Xeon(R) Processor @ 2.10GHz | family 6 model 207 stepping 2 | 4 cpu | 16 GB,6.18.44-fc-v64,2026-10-03T00:21:36+0000,
brian2_cpp,Brian2 (C++ standalone),neuroscience,8000,matched,3,False,ok,0.8489198729998861,0.2590599210000164,0.1808757979999882,0.2612860510000701,0.0014164169999730802,0.7026381870000478,0.2562900349999999,0.07185773500000003,0.001018359999999996,0.32916612999999995,0.17962,125.80859375,183.37109375,132653,16.581625,800000,Intel(R) Xeon(R) Processor @ 2.10GHz | family 6 model 207 stepping 2 | 4 cpu | 16 GB,6.18.44-fc-v64,2026-10-03T00:22:07+0000,
snntorch,"snnTorch (PyTorch, CPU)",deep-learning,8000,matched,3,False,ok,1.1589021089998823,0.20338750399992023,0.004406529999869235,16.206694405999997,0.23342400000001362,16.6479124399998,0.20154294000000017,0.004409673000000058,16.054100231,16.260052844,,490.41015625,644.74609375,132651,16.581375,800000,Intel(R) Xeon(R) Processor @ 2.10GHz | family 6 model 207 stepping 2 | 4 cpu | 16 GB,6.18.44-fc-v64,2026-10-03T00:22:08+0000,
spikingjelly,"SpikingJelly (PyTorch, CPU)",deep-learning,8000,matched,3,False,ok,1.1576091120000456,0.25399431999994704,0.037700772999869514,5.110470123000141,0.3618326370001341,5.763997853000092,0.24830273599999986,0.03645070100000014,5.078045028,5.362798465,,495.4296875,1802.93359375,132651,16.581375,800000,Intel(R) Xeon(R) Processor @ 2.10GHz | family 6 model 207 stepping 2 | 4 cpu | 16 GB,6.18.44-fc-v64,2026-10-03T00:22:27+0000,
nest,NEST,neuroscience,8000,matched,3,False,ok,0.32027712700005395,0.6686246909998772,0.010602968999819495,4.298417445999803,0.012200024999856396,4.989845130999356,0.6569515780000001,0.007628902999999854,4.213615277,4.8781957579999995,,113.7109375,463.80859375,132653,16.581625,800000,Intel(R) Xeon(R) Processor @ 2.10GHz | family 6 model 207 stepping 2 | 4 cpu | 16 GB,6.18.44-fc-v64,2026-10-03T00:22:34+0000,
numpy_ref,NumPy (hand-written reference),reference,8000,matched,3,False,ok,4.583000190905295e-06,0.1451026610000099,1.770000153555884e-06,0.17850845599991771,2.5839999580057338e-06,0.3236154710000392,0.14489192399999998,1.8489999999982132e-06,0.17849355,0.32338732299999995,,28.10546875,77.734375,132653,16.581625,800000,Intel(R) Xeon(R) Processor @ 2.10GHz | family 6 model 207 stepping 2 | 4 cpu | 16 GB,6.18.44-fc-v64,2026-10-03T00:22:40+0000,
nest,NEST,neuroscience,8000,matched,4,False,ok,0.26431251099984365,0.6732220070000494,0.006563174000120853,4.025977458999932,0.011663444000078016,4.717426084000181,0.668311404,0.006566092999999995,3.9898202959999995,4.664697792999999,,114.16796875,463.90625,132653,16.581625,800000,Intel(R) Xeon(R) Processor @ 2.10GHz | family 6 model 207 stepping 2 | 4 cpu | 16 GB,6.18.44-fc-v64,2026-10-03T00:22:40+0000,
snntorch,"snnTorch (PyTorch, CPU)",deep-learning,8000,matched,4,False,ok,1.0921325100000558,0.15381061100015359,0.00369167999997444,16.03565788600008,0.19813896100004058,16.39129913800025,0.1535161679999999,0.003655820999999948,15.884893991,16.04206598,,490.515625,644.8125,132651,16.581375,800000,Intel(R) Xeon(R) Processor @ 2.10GHz | family 6 model 207 stepping 2 | 4 cpu | 16 GB,6.18.44-fc-v64,2026-10-03T00:22:46+0000,
brian2_cpp,Brian2 (C++ standalone),neuroscience,8000,matched,4,False,ok,0.7157942719998118,0.19992633600008958,0.18316736899987518,0.2197796649998054,0.0018105080000623275,0.6046838779998325,0.1978991149999999,0.06693820299999986,0.0011338859999998618,0.26597120399999963,0.142399,125.609375,183.19140625,132653,16.581625,800000,Intel(R) Xeon(R) Processor @ 2.10GHz | family 6 model 207 stepping 2 | 4 cpu | 16 GB,6.18.44-fc-v64,2026-10-03T00:23:04+0000,
spikingjelly,"SpikingJelly (PyTorch, CPU)",deep-learning,8000,matched,4,False,ok,1.2177502399999867,0.40591812100001334,0.04291625599989857,5.979393464000168,0.45016152900007,6.87838937000015,0.404670163,0.04292055300000008,5.893160838,6.340751554000001,,495.40625,1803.2734375,132651,16.581375,800000,Intel(R) Xeon(R) Processor @ 2.10GHz | family 6 model 207 stepping 2 | 4 cpu | 16 GB,6.18.44-fc-v64,2026-10-03T00:23:05+0000,
nengo,Nengo (reference simulator),neural-engineering,8000,matched,4,False,ok,0.1406497909999871,0.11404602599986902,0.08970582999995713,27.25155001899998,3.063197806999824,30.51849968199963,0.11201006400000002,0.08890105699999995,27.034381419000002,27.235292540000003,,50.390625,1476.02734375,132653,16.581625,800000,Intel(R) Xeon(R) Processor @ 2.10GHz | family 6 model 207 stepping 2 | 4 cpu | 16 GB,6.18.44-fc-v64,2026-10-03T00:23:14+0000,
brian2_cython,"Brian2 (runtime, Cython)",neuroscience,8000,matched,4,False,ok,0.7027840610001022,0.2576340220000475,0.11312574900011896,0.4352354079999259,0.0012922349999371363,0.8072874140000295,0.14214421599999993,0.11265362100000009,0.42957185900000017,0.6843696960000002,,125.7265625,177.9609375,132653,16.581625,800000,Intel(R) Xeon(R) Processor @ 2.10GHz | family 6 model 207 stepping 2 | 4 cpu | 16 GB,6.18.44-fc-v64,2026-10-03T00:23:45+0000,
numpy_ref,NumPy (hand-written reference),reference,8000,matched,4,False,ok,5.637999947794015e-06,0.17715258699990954,2.4879998363758205e-06,0.18252979999988383,3.0109999897831585e-06,0.35968788599961954,0.17534673399999998,2.5710000000067623e-06,0.18203538100000005,0.35738468600000006,,28.0234375,77.734375,132653,16.581625,800000,Intel(R) Xeon(R) Processor @ 2.10GHz | family 6 model 207 stepping 2 | 4 cpu | 16 GB,6.18.44-fc-v64,2026-10-03T00:23:47+0000,
numpy_ref,NumPy (hand-written reference),reference,8000,native,0,False,ok,6.092999910833896e-06,0.14719452999997884,2.10899997910019e-06,0.22418128599997544,2.9880000056436984e-06,0.37138091299993903,0.14679489199999998,2.148000000035122e-06,0.22276852800000002,0.36956556800000007,,28.10546875,77.734375,132653,16.581625,800000,Intel(R) Xeon(R) Processor @ 2.10GHz | family 6 model 207 stepping 2 | 4 cpu | 16 GB,6.18.44-fc-v64,2026-10-03T00:23:48+0000,
nest,NEST,neuroscience,8000,native,0,False,ok,0.296743910000032,0.6377712940000038,0.006973615999868343,3.998081379000041,0.01391113999989102,4.656737428999804,0.621946943,0.006715486000000048,3.9747295240000007,4.603391953000001,,113.703125,463.7265625,132653,16.581625,800000,Intel(R) Xeon(R) Processor @ 2.10GHz | family 6 model 207 stepping 2 | 4 cpu | 16 GB,6.18.44-fc-v64,2026-10-03T00:23:49+0000,
brian2_cython,"Brian2 (runtime, Cython)",neuroscience,8000,native,0,False,ok,0.7431257499999901,0.22955649699997593,0.13907177900000534,0.4349654489999466,0.001114385000164475,0.8047081100000923,0.1259306,0.13771611299999997,0.43364711600000017,0.6972938290000001,,125.72265625,177.83203125,129775,16.221875,800000,Intel(R) Xeon(R) Processor @ 2.10GHz | family 6 model 207 stepping 2 | 4 cpu | 16 GB,6.18.44-fc-v64,2026-10-03T00:23:55+0000,
brian2_cpp,Brian2 (C++ standalone),neuroscience,8000,native,0,False,ok,0.8850126320000982,0.2572336969999469,2.720014041000013,0.2931399890001103,0.0020505339998635463,3.272438260999934,0.25711854300000003,0.09873947400000005,0.0016183620000000953,0.3574763790000002,0.190457,125.6796875,183.3359375,129775,16.221875,800000,Intel(R) Xeon(R) Processor @ 2.10GHz | family 6 model 207 stepping 2 | 4 cpu | 16 GB,6.18.44-fc-v64,2026-10-03T00:23:57+0000,
nengo,Nengo (reference simulator),neural-engineering,8000,native,0,False,ok,0.13036596300003112,0.34689231900006234,0.32194208399982926,26.971811805000016,2.7207028279999577,30.361349035999865,0.346538006,0.31660485299999996,26.805288288,27.468431147,,50.3515625,1476.390625,135310,16.91375,800000,Intel(R) Xeon(R) Processor @ 2.10GHz | family 6 model 207 stepping 2 | 4 cpu | 16 GB,6.18.44-fc-v64,2026-10-03T00:24:02+0000,
snntorch,"snnTorch (PyTorch, CPU)",deep-learning,8000,native,0,False,ok,1.3179463439998926,0.21917018700014523,0.004558481000003667,15.756732063000072,0.24183716099992125,16.222297892000142,0.21810748800000002,0.0045213899999998475,15.528948897,15.751577775,,490.4296875,644.84375,132651,16.581375,800000,Intel(R) Xeon(R) Processor @ 2.10GHz | family 6 model 207 stepping 2 | 4 cpu | 16 GB,6.18.44-fc-v64,2026-10-03T00:24:33+0000,
spikingjelly,"SpikingJelly (PyTorch, CPU)",deep-learning,8000,native,0,False,ok,1.2160058330000538,0.14867249799999627,0.03690364099998078,5.011634314000048,0.44423474300015187,5.641445196000177,0.14327409000000002,0.03690805800000008,4.9773825800000004,5.1575647280000005,,495.4296875,1654.4296875,131685,16.460625,800000,Intel(R) Xeon(R) Processor @ 2.10GHz | family 6 model 207 stepping 2 | 4 cpu | 16 GB,6.18.44-fc-v64,2026-10-03T00:24:51+0000,
brian2_cython,"Brian2 (runtime, Cython)",neuroscience,16000,matched,-1,True,ok,0.8446583309998914,0.5085053899999821,0.11734856800012494,0.7093152939999072,0.0023161239998898964,1.3374853759999041,0.40332327700000015,0.11642261899999995,0.6987225019999999,1.218468398,,125.703125,226.84765625,265954,16.622125,1600000,Intel(R) Xeon(R) Processor @ 2.10GHz | family 6 model 207 stepping 2 | 4 cpu | 16 GB,6.18.44-fc-v64,2026-10-03T00:24:59+0000,
brian2_cpp,Brian2 (C++ standalone),neuroscience,16000,matched,-1,True,ok,0.7937373100000968,0.4494254119999823,2.75321970899995,0.7674290959998871,0.0033672609999939596,3.9734414779998133,0.449204084,0.14863561199999986,0.001628474000000102,0.59946817,0.503367,125.796875,238.4140625,265954,16.622125,1600000,Intel(R) Xeon(R) Processor @ 2.10GHz | family 6 model 207 stepping 2 | 4 cpu | 16 GB,6.18.44-fc-v64,2026-10-03T00:25:02+0000,
snntorch,"snnTorch (PyTorch, CPU)",deep-learning,16000,matched,-1,True,ok,1.1675718659998893,0.40830064599981597,0.007294803000149841,29.548774024000068,0.5001261710001472,30.46449564400018,0.40281092100000015,0.007180940999999885,29.267507044,29.677498905999997,,490.57421875,755.5703125,265954,16.622125,1600000,Intel(R) Xeon(R) Processor @ 2.10GHz | family 6 model 207 stepping 2 | 4 cpu | 16 GB,6.18.44-fc-v64,2026-10-03T00:25:07+0000,
numpy_ref,NumPy (hand-written reference),reference,16000,matched,-1,True,ok,5.613999974229955e-06,0.30044635200010816,2.213000016126898e-06,0.2617856470001243,2.7340001906850375e-06,0.5622369460004393,0.298388859,2.314000000058769e-06,0.2540634970000001,0.5524546700000001,,27.69921875,117.09765625,265954,16.622125,1600000,Intel(R) Xeon(R) Processor @ 2.10GHz | family 6 model 207 stepping 2 | 4 cpu | 16 GB,6.18.44-fc-v64,2026-10-03T00:25:39+0000,
spikingjelly,"SpikingJelly (PyTorch, CPU)",deep-learning,16000,matched,-1,True,ok,1.297140593999984,0.47338800100010303,0.03919032499993591,11.413477620000094,0.8939654979999432,12.820021444000076,0.4701031360000001,0.03919511600000014,11.262111541,11.771409793,,495.53515625,2825.21875,265954,16.622125,1600000,Intel(R) Xeon(R) Processor @ 2.10GHz | family 6 model 207 stepping 2 | 4 cpu | 16 GB,6.18.44-fc-v64,2026-10-03T00:25:40+0000,
nest,NEST,neuroscience,16000,matched,-1,True,ok,0.30917853200003265,1.3935989619999418,0.01226178499996422,8.749527698000065,0.021796464000090054,10.177184909000061,1.372690618,0.012264633999999885,8.687341919,10.072297170999999,,113.8671875,810.74609375,265954,16.622125,1600000,Intel(R) Xeon(R) Processor @ 2.10GHz | family 6 model 207 stepping 2 | 4 cpu | 16 GB,6.18.44-fc-v64,2026-10-03T00:25:55+0000,
nengo,Nengo (reference simulator),neural-engineering,16000,matched,-1,True,ok,0.3866695749999991,0.9680154300000012,0.6301230429999976,59.913204785999994,5.684718356000005,67.19606161499999,0.9508771730000001,0.5951666019999999,59.220682578,60.766726353,,49.61328125,2823.203125,265954,16.622125,1600000,Intel(R) Xeon(R) Processor @ 2.10GHz | family 6 model 207 stepping 2 | 4 cpu | 16 GB,6.18.44-fc-v64,2026-10-03T01:23:20+0000,
brian2_cython,"Brian2 (runtime, Cython)",neuroscience,16000,matched,0,False,ok,1.1426756429999898,0.4474590260000042,0.5204763630000002,0.6768469139999951,0.0022552470000078984,1.6470375500000074,0.24094629700000003,0.13699939799999994,0.6735008409999999,1.0514465359999998,,125.54296875,226.62109375,265954,16.622125,1600000,Intel(R) Xeon(R) Processor @ 2.10GHz | family 6 model 207 stepping 2 | 4 cpu | 16 GB,6.18.44-fc-v64,2026-10-03T01:24:28+0000,
snntorch,"snnTorch (PyTorch, CPU)",deep-learning,16000,matched,0,False,ok,2.396982227999999,0.2256697119999984,0.03596123200000534,29.318787638999993,0.4825381170000185,30.062956700000015,0.20553500300000005,0.010262337000000121,29.040331729,29.256129069,,481.7734375,746.28125,265954,16.622125,1600000,Intel(R) Xeon(R) Processor @ 2.10GHz | family 6 model 207 stepping 2 | 4 cpu | 16 GB,6.18.44-fc-v64,2026-10-03T01:24:31+0000,
spikingjelly,"SpikingJelly (PyTorch, CPU)",deep-learning,16000,matched,0,False,ok,1.42212054700002,0.6633649330000253,0.04977465400000369,16.002887051000016,0.8860834820000036,17.60211012000005,0.658577403,0.04208978699999966,15.744282945000002,16.444950135000003,,495.19921875,3048.49609375,265954,16.622125,1600000,Intel(R) Xeon(R) Processor @ 2.10GHz | family 6 model 207 stepping 2 | 4 cpu | 16 GB,6.18.44-fc-v64,2026-10-03T01:25:05+0000,
brian2_cpp,Brian2 (C++ standalone),neuroscience,16000,matched,0,False,ok,0.8567107039999939,0.5555582750000099,0.3776149440000154,0.7049269320000064,0.0025418010000066715,1.6406419520000384,0.5237528349999998,0.15440291100000003,0.0014303009999998562,0.6795860469999997,0.453188,125.66796875,238.30859375,265954,16.622125,1600000,Intel(R) Xeon(R) Processor @ 2.10GHz | family 6 model 207 stepping 2 | 4 cpu | 16 GB,6.18.44-fc-v64,2026-10-03T01:25:25+0000,
nengo,Nengo (reference simulator),neural-engineering,16000,matched,0,False,ok,0.14556335099999274,0.19532356400000594,0.11410937300001933,63.742160754999986,5.934976260000013,69.98656995200002,0.19026500000000002,0.11306873000000006,63.053561819,63.356895549,,49.85546875,2824.140625,265954,16.622125,1600000,Intel(R) Xeon(R) Processor @ 2.10GHz | family 6 model 207 stepping 2 | 4 cpu | 16 GB,6.18.44-fc-v64,2026-10-03T01:25:28+0000,
nest,NEST,neuroscience,16000,matched,0,False,ok,0.7566396940000004,1.6847360390000006,0.013795315999999502,7.927561862000005,0.024815936000010197,9.650909153000015,1.6635527150000002,0.012904326000000133,7.871017686,9.547474727,,113.3359375,810.2890625,265954,16.622125,1600000,Intel(R) Xeon(R) Processor @ 2.10GHz | family 6 model 207 stepping 2 | 4 cpu | 16 GB,6.18.44-fc-v64,2026-10-03T01:26:39+0000,
numpy_ref,NumPy (hand-written reference),reference,16000,matched,0,False,ok,4.591999982039852e-06,0.2876254390000099,2.4229999837643845e-06,0.2938476470000069,3.094999982522495e-06,0.5814786039999831,0.287376618,2.5379999999963765e-06,0.29360925,0.5809884059999999,,27.80859375,103.03125,265954,16.622125,1600000,Intel(R) Xeon(R) Processor @ 2.10GHz | family 6 model 207 stepping 2 | 4 cpu | 16 GB,6.18.44-fc-v64,2026-10-03T01:26:50+0000,
nest,NEST,neuroscience,16000,matched,1,False,ok,0.31595548399999984,1.8346803919999957,0.015386946999996098,7.9487699819999875,0.025447482999993554,9.824284803999973,1.8068486140000002,0.013717386000000165,7.8586352559999995,9.679201255999999,,113.828125,810.6953125,265954,16.622125,1600000,Intel(R) Xeon(R) Processor @ 2.10GHz | family 6 model 207 stepping 2 | 4 cpu | 16 GB,6.18.44-fc-v64,2026-10-03T01:26:51+0000,
snntorch,"snnTorch (PyTorch, CPU)",deep-learning,16000,matched,1,False,ok,1.3080884219999973,0.49873685699998305,0.007458850999995548,29.657278828999978,0.4771596819999786,30.640634218999935,0.4872212949999999,0.007461818999999981,29.314935365,29.809618479,,490.3125,755.234375,265954,16.622125,1600000,Intel(R) Xeon(R) Processor @ 2.10GHz | family 6 model 207 stepping 2 | 4 cpu | 16 GB,6.18.44-fc-v64,2026-10-03T01:27:01+0000,
numpy_ref,NumPy (hand-written reference),reference,16000,matched,1,False,ok,4.928999999265216e-06,0.29765093700001444,2.8300000280978566e-06,0.30134380999999166,3.3570000255167542e-06,0.5990009340000597,0.297529669,2.9179999999628947e-06,0.29062004599999997,0.588152633,,27.81640625,103.13671875,265954,16.622125,1600000,Intel(R) Xeon(R) Processor @ 2.10GHz | family 6 model 207 stepping 2 | 4 cpu | 16 GB,6.18.44-fc-v64,2026-10-03T01:27:34+0000,
brian2_cpp,Brian2 (C++ standalone),neuroscience,16000,matched,1,False,ok,0.7664604530000361,0.5988159760000258,0.20070302099998116,0.6082425750000198,0.002705347999949481,1.4104669199999762,0.5918679809999999,0.077643919,0.0011573759999998767,0.6706692759999998,0.455782,125.7890625,238.5,265954,16.622125,1600000,Intel(R) Xeon(R) Processor @ 2.10GHz | family 6 model 207 stepping 2 | 4 cpu | 16 GB,6.18.44-fc-v64,2026-10-03T01:27:34+0000,
spikingjelly,"SpikingJelly (PyTorch, CPU)",deep-learning,16000,matched,1,False,ok,1.3313965030000077,0.5311132790000102,0.04813879799996812,15.033896431000016,0.8896671890000221,16.502815697000017,0.5253353410000001,0.04803018000000003,14.903966245,15.477331765999999,,495.40234375,3048.64453125,265954,16.622125,1600000,Intel(R) Xeon(R) Processor @ 2.10GHz | family 6 model 207 stepping 2 | 4 cpu | 16 GB,6.18.44-fc-v64,2026-10-03T01:27:37+0000,
nengo,Nengo (reference simulator),neural-engineering,16000,matched,1,False,ok,0.17389023300000872,0.6642048229999773,0.12797599500004253,61.98570848500003,5.605964687999972,68.38385399100002,0.6599558059999999,0.12711722799999992,61.284823326,62.071896360000004,,49.89453125,2824.2578125,265954,16.622125,1600000,Intel(R) Xeon(R) Processor @ 2.10GHz | family 6 model 207 stepping 2 | 4 cpu | 16 GB,6.18.44-fc-v64,2026-10-03T01:27:56+0000,
brian2_cython,"Brian2 (runtime, Cython)",neuroscience,16000,matched,1,False,ok,0.8373322859999917,0.35461232199997994,0.10942488000000594,0.725326505000055,0.002205688000003647,1.1915693950000446,0.23927188700000013,0.10941366400000008,0.7090399470000002,1.0577254980000004,,125.66015625,226.7421875,265954,16.622125,1600000,Intel(R) Xeon(R) Processor @ 2.10GHz | family 6 model 207 stepping 2 | 4 cpu | 16 GB,6.18.44-fc-v64,2026-10-03T01:29:05+0000,
numpy_ref,NumPy (hand-written reference),reference,16000,matched,2,False,ok,5.299000008562871e-06,0.30244598600000927,2.1879999962948204e-06,0.2930429159999903,3.112999991117249e-06,0.595494202999987,0.29779498099999996,2.327000000024171e-06,0.28836167299999993,0.5861589809999999,,27.765625,103.078125,265954,16.622125,1600000,Intel(R) Xeon(R) Processor @ 2.10GHz | family 6 model 207 stepping 2 | 4 cpu | 16 GB,6.18.44-fc-v64,2026-10-03T01:29:07+0000,
brian2_cython,"Brian2 (runtime, Cython)",neuroscience,16000,matched,2,False,ok,0.7673538359999839,0.32652959400002146,0.11693281999998817,0.7449331490000191,0.0023463480000032177,1.190741911000032,0.21617259,0.11312516099999992,0.7248234,1.054121151,,125.69921875,226.77734375,265954,16.622125,1600000,Intel(R) Xeon(R) Processor @ 2.10GHz | family 6 model 207 stepping 2 | 4 cpu | 16 GB,6.18.44-fc-v64,2026-10-03T01:29:08+0000,
nest,NEST,neuroscience,16000,matched,2,False,ok,0.36515288900000087,1.3805116569999996,0.01830195999997386,8.494477657999994,0.021554749000017637,9.914846023999985,1.3575300339999998,0.018304993999999963,8.403729639,9.779564666999999,,113.86328125,810.80859375,265954,16.622125,1600000,Intel(R) Xeon(R) Processor @ 2.10GHz | family 6 model 207 stepping 2 | 4 cpu | 16 GB,6.18.44-fc-v64,2026-10-03T01:29:10+0000,
nengo,Nengo (reference simulator),neural-engineering,16000,matched,2,False,ok,0.12513393900002256,0.9124058930000274,0.6224203959999954,64.33100159500003,5.81678830200002,71.68261618600008,0.908568528,0.6170119090000001,63.53136207199999,65.056942509,,49.9609375,2823.5546875,265954,16.622125,1600000,Intel(R) Xeon(R) Processor @ 2.10GHz | family 6 model 207 stepping 2 | 4 cpu | 16 GB,6.18.44-fc-v64,2026-10-03T01:29:21+0000,
snntorch,"snnTorch (PyTorch, CPU)",deep-learning,16000,matched,2,False,ok,1.2146743499999957,0.2521708419999982,0.0060520399999859364,30.742878383000004,0.4741600450000192,31.475261310000008,0.2389710690000002,0.006055204000000147,30.483594986999996,30.728621259999997,,490.55859375,755.32421875,265954,16.622125,1600000,Intel(R) Xeon(R) Processor @ 2.10GHz | family 6 model 207 stepping 2 | 4 cpu | 16 GB,6.18.44-fc-v64,2026-10-03T01:30:33+0000,
brian2_cpp,Brian2 (C++ standalone),neuroscience,16000,matched,2,False,ok,0.8173173939999856,0.4510911680000049,0.2727210469999477,0.6392745869999885,0.002529293999998572,1.3656160959999397,0.43217945599999996,0.14543484299999987,0.0011388110000001284,0.57875311,0.495665,125.625,238.1640625,265954,16.622125,1600000,Intel(R) Xeon(R) Processor @ 2.10GHz | family 6 model 207 stepping 2 | 4 cpu | 16 GB,6.18.44-fc-v64,2026-10-03T01:31:06+0000,
spikingjelly,"SpikingJelly (PyTorch, CPU)",deep-learning,16000,matched,2,False,ok,1.2504905440000016,0.28159872200001246,0.03730146999998851,13.441837823000014,0.886404629000026,14.647142644000041,0.27976683699999993,0.0371944500000001,13.276273956,13.593235243,,495.55859375,3043.95703125,265954,16.622125,1600000,Intel(R) Xeon(R) Processor @ 2.10GHz | family 6 model 207 stepping 2 | 4 cpu | 16 GB,6.18.44-fc-v64,2026-10-03T01:31:09+0000,
